device_name	core	die	ram_kb	flash_kb	core_count
STM32C011D6Yx	Cortex-M0plus	DIE443	6	32	1
STM32C011F4Px	Cortex-M0plus	DIE443	6	16	1
STM32C011F4Ux	Cortex-M0plus	DIE443	6	16	1
STM32C011F6Px	Cortex-M0plus	DIE443	6	32	1
STM32C011F6Ux	Cortex-M0plus	DIE443	6	32	1
STM32C011J4Mx	Cortex-M0plus	DIE443	6	16	1
STM32C011J6Mx	Cortex-M0plus	DIE443	6	32	1
STM32C031C4Tx	Cortex-M0plus	DIE453	12	16	1
STM32C031C4Ux	Cortex-M0plus	DIE453	12	16	1
STM32C031C6Tx	Cortex-M0plus	DIE453	12	32	1
STM32C031C6Ux	Cortex-M0plus	DIE453	12	32	1
STM32C031F4Px	Cortex-M0plus	DIE453	12	16	1
STM32C031F6Px	Cortex-M0plus	DIE453	12	32	1
STM32C031G4Ux	Cortex-M0plus	DIE453	12	16	1
STM32C031G6Ux	Cortex-M0plus	DIE453	12	32	1
STM32C031K4Tx	Cortex-M0plus	DIE453	12	16	1
STM32C031K4Ux	Cortex-M0plus	DIE453	12	16	1
STM32C031K6Tx	Cortex-M0plus	DIE453	12	32	1
STM32C031K6Ux	Cortex-M0plus	DIE453	12	32	1
STM32C051C6Tx	Cortex-M0plus	DIE44C	12	32	1
STM32C051C6Ux	Cortex-M0plus	DIE44C	12	32	1
STM32C051C8Tx	Cortex-M0plus	DIE44C	12	64	1
STM32C051C8Ux	Cortex-M0plus	DIE44C	12	64	1
STM32C051D8Yx	Cortex-M0plus	DIE44C	12	64	1
STM32C051F6Px	Cortex-M0plus	DIE44C	12	32	1
STM32C051F8Px	Cortex-M0plus	DIE44C	12	64	1
STM32C051G6Ux	Cortex-M0plus	DIE44C	12	32	1
STM32C051G8Ux	Cortex-M0plus	DIE44C	12	64	1
STM32C051K6Tx	Cortex-M0plus	DIE44C	12	32	1
STM32C051K6Ux	Cortex-M0plus	DIE44C	12	32	1
STM32C051K8Tx	Cortex-M0plus	DIE44C	12	64	1
STM32C071C8Tx	Cortex-M0plus	DIE493	24	64	1
STM32C071C8TxN	Cortex-M0plus	DIE493	24	64	1
STM32C071C8Ux	Cortex-M0plus	DIE493	24	64	1
STM32C071C8UxN	Cortex-M0plus	DIE493	24	64	1
STM32C071CBTx	Cortex-M0plus	DIE493	24	128	1
STM32C071CBTxN	Cortex-M0plus	DIE493	24	128	1
STM32C071CBUx	Cortex-M0plus	DIE493	24	128	1
STM32C071CBUxN	Cortex-M0plus	DIE493	24	128	1
STM32C071F8Px	Cortex-M0plus	DIE493	24	64	1
STM32C071F8PxN	Cortex-M0plus	DIE493	24	64	1
STM32C071FBPx	Cortex-M0plus	DIE493	24	128	1
STM32C071FBPxN	Cortex-M0plus	DIE493	24	128	1
STM32C071FBYx	Cortex-M0plus	DIE493	24	128	1
STM32C071G8Ux	Cortex-M0plus	DIE493	24	64	1
STM32C071G8UxN	Cortex-M0plus	DIE493	24	64	1
STM32C071GBUx	Cortex-M0plus	DIE493	24	128	1
STM32C071GBUxN	Cortex-M0plus	DIE493	24	128	1
STM32C071K8Tx	Cortex-M0plus	DIE493	24	64	1
STM32C071K8TxN	Cortex-M0plus	DIE493	24	64	1
STM32C071K8Ux	Cortex-M0plus	DIE493	24	64	1
STM32C071K8UxN	Cortex-M0plus	DIE493	24	64	1
STM32C071KBTx	Cortex-M0plus	DIE493	24	128	1
STM32C071KBTxN	Cortex-M0plus	DIE493	24	128	1
STM32C071KBUx	Cortex-M0plus	DIE493	24	128	1
STM32C071KBUxN	Cortex-M0plus	DIE493	24	128	1
STM32C071R8Tx	Cortex-M0plus	DIE493	24	64	1
STM32C071R8TxN	Cortex-M0plus	DIE493	24	64	1
STM32C071RBIxN	Cortex-M0plus	DIE493	24	128	1
STM32C071RBTx	Cortex-M0plus	DIE493	24	128	1
STM32C071RBTxN	Cortex-M0plus	DIE493	24	128	1
STM32C091CBTx	Cortex-M0plus	DIE44D	36	128	1
STM32C091CBUx	Cortex-M0plus	DIE44D	36	128	1
STM32C091CCTx	Cortex-M0plus	DIE44D	36	256	1
STM32C091CCUx	Cortex-M0plus	DIE44D	36	256	1
STM32C091ECYx	Cortex-M0plus	DIE44D	36	256	1
STM32C091FBPx	Cortex-M0plus	DIE44D	36	128	1
STM32C091FCPx	Cortex-M0plus	DIE44D	36	256	1
STM32C091GBUx	Cortex-M0plus	DIE44D	36	128	1
STM32C091GCUx	Cortex-M0plus	DIE44D	36	256	1
STM32C091KBTx	Cortex-M0plus	DIE44D	36	128	1
STM32C091KBUx	Cortex-M0plus	DIE44D	36	128	1
STM32C091KCTx	Cortex-M0plus	DIE44D	36	256	1
STM32C091KCUx	Cortex-M0plus	DIE44D	36	256	1
STM32C091RBTx	Cortex-M0plus	DIE44D	36	128	1
STM32C091RCIx	Cortex-M0plus	DIE44D	36	256	1
STM32C091RCTx	Cortex-M0plus	DIE44D	36	256	1
STM32C092CBTx	Cortex-M0plus	DIE44D	30	128	1
STM32C092CBUx	Cortex-M0plus	DIE44D	30	128	1
STM32C092CCTx	Cortex-M0plus	DIE44D	30	256	1
STM32C092CCUx	Cortex-M0plus	DIE44D	30	256	1
STM32C092ECYx	Cortex-M0plus	DIE44D	30	256	1
STM32C092FBPx	Cortex-M0plus	DIE44D	30	128	1
STM32C092FCPx	Cortex-M0plus	DIE44D	30	256	1
STM32C092GBUx	Cortex-M0plus	DIE44D	30	128	1
STM32C092GCUx	Cortex-M0plus	DIE44D	30	256	1
STM32C092KBTx	Cortex-M0plus	DIE44D	30	128	1
STM32C092KBUx	Cortex-M0plus	DIE44D	30	128	1
STM32C092KCTx	Cortex-M0plus	DIE44D	30	256	1
STM32C092KCUx	Cortex-M0plus	DIE44D	30	256	1
STM32C092RBTx	Cortex-M0plus	DIE44D	30	128	1
STM32C092RCIx	Cortex-M0plus	DIE44D	30	256	1
STM32C092RCTx	Cortex-M0plus	DIE44D	30	256	1
STM32F030C6Tx	Cortex-M0	DIE444	4	32	1
STM32F030C8Tx	Cortex-M0	DIE440	8	64	1
STM32F030CCTx	Cortex-M0	DIE442	32	256	1
STM32F030F4Px	Cortex-M0	DIE444	4	16	1
STM32F030K6Tx	Cortex-M0	DIE444	4	32	1
STM32F030R8Tx	Cortex-M0	DIE440	8	64	1
STM32F030RCTx	Cortex-M0	DIE442	32	256	1
STM32F031C4Tx	Cortex-M0	DIE444	4	16	1
STM32F031C6Tx	Cortex-M0	DIE444	4	32	1
STM32F031E6Yx	Cortex-M0	DIE444	4	32	1
STM32F031F4Px	Cortex-M0	DIE444	4	16	1
STM32F031F6Px	Cortex-M0	DIE444	4	32	1
STM32F031G4Ux	Cortex-M0	DIE444	4	16	1
STM32F031G6Ux	Cortex-M0	DIE444	4	32	1
STM32F031K4Ux	Cortex-M0	DIE444	4	16	1
STM32F031K6Tx	Cortex-M0	DIE444	4	32	1
STM32F031K6Ux	Cortex-M0	DIE444	4	32	1
STM32F038C6Tx	Cortex-M0	DIE444	4	32	1
STM32F038E6Yx	Cortex-M0	DIE444	4	32	1
STM32F038F6Px	Cortex-M0	DIE444	4	32	1
STM32F038G6Ux	Cortex-M0	DIE444	4	32	1
STM32F038K6Ux	Cortex-M0	DIE444	4	32	1
STM32F042C4Tx	Cortex-M0	DIE445	6	16	1
STM32F042C4Ux	Cortex-M0	DIE445	6	16	1
STM32F042C6Tx	Cortex-M0	DIE445	6	32	1
STM32F042C6Ux	Cortex-M0	DIE445	6	32	1
STM32F042F4Px	Cortex-M0	DIE445	6	16	1
STM32F042F6Px	Cortex-M0	DIE445	6	32	1
STM32F042G4Ux	Cortex-M0	DIE445	6	16	1
STM32F042G6Ux	Cortex-M0	DIE445	6	32	1
STM32F042K4Tx	Cortex-M0	DIE445	6	16	1
STM32F042K4Ux	Cortex-M0	DIE445	6	16	1
STM32F042K6Tx	Cortex-M0	DIE445	6	32	1
STM32F042K6Ux	Cortex-M0	DIE445	6	32	1
STM32F042T6Yx	Cortex-M0	DIE445	6	32	1
STM32F048C6Ux	Cortex-M0	DIE445	6	32	1
STM32F048G6Ux	Cortex-M0	DIE445	6	32	1
STM32F048T6Yx	Cortex-M0	DIE445	6	32	1
STM32F051C4Tx	Cortex-M0	DIE440	8	16	1
STM32F051C4Ux	Cortex-M0	DIE440	8	16	1
STM32F051C6Tx	Cortex-M0	DIE440	8	32	1
STM32F051C6Ux	Cortex-M0	DIE440	8	32	1
STM32F051C8Tx	Cortex-M0	DIE440	8	64	1
STM32F051C8Ux	Cortex-M0	DIE440	8	64	1
STM32F051K4Tx	Cortex-M0	DIE440	8	16	1
STM32F051K4Ux	Cortex-M0	DIE440	8	16	1
STM32F051K6Tx	Cortex-M0	DIE440	8	32	1
STM32F051K6Ux	Cortex-M0	DIE440	8	32	1
STM32F051K8Tx	Cortex-M0	DIE440	8	64	1
STM32F051K8Ux	Cortex-M0	DIE440	8	64	1
STM32F051R4Tx	Cortex-M0	DIE440	8	16	1
STM32F051R6Tx	Cortex-M0	DIE440	8	32	1
STM32F051R8Hx	Cortex-M0	DIE440	8	64	1
STM32F051R8Tx	Cortex-M0	DIE440	8	64	1
STM32F051T8Yx	Cortex-M0	DIE440	8	64	1
STM32F058C8Ux	Cortex-M0	DIE440	8	64	1
STM32F058R8Hx	Cortex-M0	DIE440	8	64	1
STM32F058R8Tx	Cortex-M0	DIE440	8	64	1
STM32F058T8Yx	Cortex-M0	DIE440	8	64	1
STM32F070C6Tx	Cortex-M0	DIE445	6	32	1
STM32F070CBTx	Cortex-M0	DIE448	16	128	1
STM32F070F6Px	Cortex-M0	DIE445	6	32	1
STM32F070RBTx	Cortex-M0	DIE448	16	128	1
STM32F071C8Tx	Cortex-M0	DIE448	16	64	1
STM32F071C8Ux	Cortex-M0	DIE448	16	64	1
STM32F071CBTx	Cortex-M0	DIE448	16	128	1
STM32F071CBUx	Cortex-M0	DIE448	16	128	1
STM32F071CBYx	Cortex-M0	DIE448	16	128	1
STM32F071RBTx	Cortex-M0	DIE448	16	128	1
STM32F071V8Hx	Cortex-M0	DIE448	16	64	1
STM32F071V8Tx	Cortex-M0	DIE448	16	64	1
STM32F071VBHx	Cortex-M0	DIE448	16	128	1
STM32F071VBTx	Cortex-M0	DIE448	16	128	1
STM32F072C8Tx	Cortex-M0	DIE448	16	64	1
STM32F072C8Ux	Cortex-M0	DIE448	16	64	1
STM32F072CBTx	Cortex-M0	DIE448	16	128	1
STM32F072CBUx	Cortex-M0	DIE448	16	128	1
STM32F072CBYx	Cortex-M0	DIE448	16	128	1
STM32F072R8Tx	Cortex-M0	DIE448	16	64	1
STM32F072RBHx	Cortex-M0	DIE448	16	128	1
STM32F072RBIx	Cortex-M0	DIE448	16	128	1
STM32F072RBTx	Cortex-M0	DIE448	16	128	1
STM32F072V8Hx	Cortex-M0	DIE448	16	64	1
STM32F072V8Tx	Cortex-M0	DIE448	16	64	1
STM32F072VBHx	Cortex-M0	DIE448	16	128	1
STM32F072VBTx	Cortex-M0	DIE448	16	128	1
STM32F078CBTx	Cortex-M0	DIE448	16	128	1
STM32F078CBUx	Cortex-M0	DIE448	16	128	1
STM32F078CBYx	Cortex-M0	DIE448	16	128	1
STM32F078RBHx	Cortex-M0	DIE448	16	128	1
STM32F078RBTx	Cortex-M0	DIE448	16	128	1
STM32F078VBHx	Cortex-M0	DIE448	16	128	1
STM32F078VBTx	Cortex-M0	DIE448	16	128	1
STM32F091CBTx	Cortex-M0	DIE442	32	128	1
STM32F091CBUx	Cortex-M0	DIE442	32	128	1
STM32F091CCTx	Cortex-M0	DIE442	32	256	1
STM32F091CCUx	Cortex-M0	DIE442	32	256	1
STM32F091RBTx	Cortex-M0	DIE442	32	128	1
STM32F091RCHx	Cortex-M0	DIE442	32	256	1
STM32F091RCTx	Cortex-M0	DIE442	32	256	1
STM32F091RCYx	Cortex-M0	DIE442	32	256	1
STM32F091VBTx	Cortex-M0	DIE442	32	128	1
STM32F091VCHx	Cortex-M0	DIE442	32	256	1
STM32F091VCTx	Cortex-M0	DIE442	32	256	1
STM32F098CCTx	Cortex-M0	DIE442	32	256	1
STM32F098CCUx	Cortex-M0	DIE442	32	256	1
STM32F098RCHx	Cortex-M0	DIE442	32	256	1
STM32F098RCTx	Cortex-M0	DIE442	32	256	1
STM32F098RCYx	Cortex-M0	DIE442	32	256	1
STM32F098VCHx	Cortex-M0	DIE442	32	256	1
STM32F098VCTx	Cortex-M0	DIE442	32	256	1
STM32F100C4Tx	Cortex-M3	DIE420	4	16	1
STM32F100C6Tx	Cortex-M3	DIE420	4	32	1
STM32F100C8Tx	Cortex-M3	DIE420	8	64	1
STM32F100CBTx	Cortex-M3	DIE420	8	128	1
STM32F100R4Hx	Cortex-M3	DIE420	4	16	1
STM32F100R4Tx	Cortex-M3	DIE420	4	16	1
STM32F100R6Hx	Cortex-M3	DIE420	4	32	1
STM32F100R6Tx	Cortex-M3	DIE420	4	32	1
STM32F100R8Hx	Cortex-M3	DIE420	8	64	1
STM32F100R8Tx	Cortex-M3	DIE420	8	64	1
STM32F100RBHx	Cortex-M3	DIE420	8	128	1
STM32F100RBTx	Cortex-M3	DIE420	8	128	1
STM32F100RCTx	Cortex-M3	DIE428	24	256	1
STM32F100RDTx	Cortex-M3	DIE428	32	384	1
STM32F100RETx	Cortex-M3	DIE428	32	512	1
STM32F100V8Tx	Cortex-M3	DIE420	8	64	1
STM32F100VBTx	Cortex-M3	DIE420	8	128	1
STM32F100VCTx	Cortex-M3	DIE428	24	256	1
STM32F100VDTx	Cortex-M3	DIE428	32	384	1
STM32F100VETx	Cortex-M3	DIE428	32	512	1
STM32F100ZCTx	Cortex-M3	DIE428	24	256	1
STM32F100ZDTx	Cortex-M3	DIE428	32	384	1
STM32F100ZETx	Cortex-M3	DIE428	32	512	1
STM32F101C4Tx	Cortex-M3	DIE412	4	16	1
STM32F101C6Tx	Cortex-M3	DIE412	6	32	1
STM32F101C8Tx	Cortex-M3	DIE410	10	64	1
STM32F101C8Ux	Cortex-M3	DIE410	10	64	1
STM32F101CBTx	Cortex-M3	DIE410	16	128	1
STM32F101CBUx	Cortex-M3	DIE410	16	128	1
STM32F101R4Tx	Cortex-M3	DIE412	4	16	1
STM32F101R6Tx	Cortex-M3	DIE412	6	32	1
STM32F101R8Tx	Cortex-M3	DIE410	10	64	1
STM32F101RBHx	Cortex-M3	DIE410	16	128	1
STM32F101RBTx	Cortex-M3	DIE410	16	128	1
STM32F101RCTx	Cortex-M3	DIE414	32	256	1
STM32F101RDTx	Cortex-M3	DIE414	48	384	1
STM32F101RETx	Cortex-M3	DIE414	48	512	1
STM32F101RFTx	Cortex-M3	DIE430	80	768	1
STM32F101RGTx	Cortex-M3	DIE430	80	1024	1
STM32F101T4Ux	Cortex-M3	DIE412	4	16	1
STM32F101T6Ux	Cortex-M3	DIE412	6	32	1
STM32F101T8Ux	Cortex-M3	DIE410	10	64	1
STM32F101TBUx	Cortex-M3	DIE410	16	128	1
STM32F101V8Tx	Cortex-M3	DIE410	10	64	1
STM32F101VBTx	Cortex-M3	DIE410	16	128	1
STM32F101VCTx	Cortex-M3	DIE414	32	256	1
STM32F101VDTx	Cortex-M3	DIE414	48	384	1
STM32F101VETx	Cortex-M3	DIE414	48	512	1
STM32F101VFTx	Cortex-M3	DIE430	80	768	1
STM32F101VGTx	Cortex-M3	DIE430	80	1024	1
STM32F101ZCTx	Cortex-M3	DIE414	32	256	1
STM32F101ZDTx	Cortex-M3	DIE414	48	384	1
STM32F101ZETx	Cortex-M3	DIE414	48	512	1
STM32F101ZFTx	Cortex-M3	DIE430	80	768	1
STM32F101ZGTx	Cortex-M3	DIE430	80	1024	1
STM32F102C4Tx	Cortex-M3	DIE412	4	16	1
STM32F102C6Tx	Cortex-M3	DIE412	6	32	1
STM32F102C8Tx	Cortex-M3	DIE410	10	64	1
STM32F102CBTx	Cortex-M3	DIE410	16	128	1
STM32F102R4Tx	Cortex-M3	DIE412	4	16	1
STM32F102R6Tx	Cortex-M3	DIE412	6	32	1
STM32F102R8Tx	Cortex-M3	DIE410	10	64	1
STM32F102RBTx	Cortex-M3	DIE410	16	128	1
STM32F103C4Tx	Cortex-M3	DIE412	6	16	1
STM32F103C6Tx	Cortex-M3	DIE412	10	32	1
STM32F103C6Ux	Cortex-M3	DIE412	10	32	1
STM32F103C8Tx	Cortex-M3	DIE410	20	64	1
STM32F103CBTx	Cortex-M3	DIE410	20	128	1
STM32F103CBUx	Cortex-M3	DIE410	20	128	1
STM32F103R4Hx	Cortex-M3	DIE412	6	16	1
STM32F103R4Tx	Cortex-M3	DIE412	6	16	1
STM32F103R6Hx	Cortex-M3	DIE412	10	32	1
STM32F103R6Tx	Cortex-M3	DIE412	10	32	1
STM32F103R8Hx	Cortex-M3	DIE410	20	64	1
STM32F103R8Tx	Cortex-M3	DIE410	20	64	1
STM32F103RBHx	Cortex-M3	DIE410	20	128	1
STM32F103RBTx	Cortex-M3	DIE410	20	128	1
STM32F103RCTx	Cortex-M3	DIE414	48	256	1
STM32F103RCYx	Cortex-M3	DIE414	48	256	1
STM32F103RDTx	Cortex-M3	DIE414	64	384	1
STM32F103RDYx	Cortex-M3	DIE414	64	384	1
STM32F103RETx	Cortex-M3	DIE414	64	512	1
STM32F103REYx	Cortex-M3	DIE414	64	512	1
STM32F103RFTx	Cortex-M3	DIE430	96	768	1
STM32F103RGTx	Cortex-M3	DIE430	96	1024	1
STM32F103T4Ux	Cortex-M3	DIE412	6	16	1
STM32F103T6Ux	Cortex-M3	DIE412	10	32	1
STM32F103T8Ux	Cortex-M3	DIE410	20	64	1
STM32F103TBUx	Cortex-M3	DIE410	20	128	1
STM32F103V8Hx	Cortex-M3	DIE410	20	64	1
STM32F103V8Tx	Cortex-M3	DIE410	20	64	1
STM32F103VBHx	Cortex-M3	DIE410	20	128	1
STM32F103VBIx	Cortex-M3	DIE410	20	128	1
STM32F103VBTx	Cortex-M3	DIE410	20	128	1
STM32F103VCHx	Cortex-M3	DIE414	48	256	1
STM32F103VCTx	Cortex-M3	DIE414	48	256	1
STM32F103VDHx	Cortex-M3	DIE414	64	384	1
STM32F103VDTx	Cortex-M3	DIE414	64	384	1
STM32F103VEHx	Cortex-M3	DIE414	64	512	1
STM32F103VETx	Cortex-M3	DIE414	64	512	1
STM32F103VFTx	Cortex-M3	DIE430	96	768	1
STM32F103VGTx	Cortex-M3	DIE430	96	1024	1
STM32F103ZCHx	Cortex-M3	DIE414	48	256	1
STM32F103ZCTx	Cortex-M3	DIE414	48	256	1
STM32F103ZDHx	Cortex-M3	DIE414	64	384	1
STM32F103ZDTx	Cortex-M3	DIE414	64	384	1
STM32F103ZEHx	Cortex-M3	DIE414	64	512	1
STM32F103ZETx	Cortex-M3	DIE414	64	512	1
STM32F103ZFHx	Cortex-M3	DIE430	96	768	1
STM32F103ZFTx	Cortex-M3	DIE430	96	768	1
STM32F103ZGHx	Cortex-M3	DIE430	96	1024	1
STM32F103ZGTx	Cortex-M3	DIE430	96	1024	1
STM32F105R8Tx	Cortex-M3	DIE418	64	64	1
STM32F105RBTx	Cortex-M3	DIE418	64	128	1
STM32F105RCTx	Cortex-M3	DIE418	64	256	1
STM32F105V8Hx	Cortex-M3	DIE418	64	64	1
STM32F105V8Tx	Cortex-M3	DIE418	64	64	1
STM32F105VBHx	Cortex-M3	DIE418	64	128	1
STM32F105VBTx	Cortex-M3	DIE418	64	128	1
STM32F105VCTx	Cortex-M3	DIE418	64	256	1
STM32F107RBTx	Cortex-M3	DIE418	64	128	1
STM32F107RCTx	Cortex-M3	DIE418	64	256	1
STM32F107VBTx	Cortex-M3	DIE418	64	128	1
STM32F107VCHx	Cortex-M3	DIE418	64	256	1
STM32F107VCTx	Cortex-M3	DIE418	64	256	1
STM32F205RBTx	Cortex-M3	DIE411	64	128	1
STM32F205RCTx	Cortex-M3	DIE411	96	256	1
STM32F205RETx	Cortex-M3	DIE411	128	512	1
STM32F205REYx	Cortex-M3	DIE411	128	512	1
STM32F205RFTx	Cortex-M3	DIE411	128	768	1
STM32F205RGEx	Cortex-M3	DIE411	128	1024	1
STM32F205RGTx	Cortex-M3	DIE411	128	1024	1
STM32F205RGYx	Cortex-M3	DIE411	128	1024	1
STM32F205VBTx	Cortex-M3	DIE411	64	128	1
STM32F205VCTx	Cortex-M3	DIE411	96	256	1
STM32F205VETx	Cortex-M3	DIE411	128	512	1
STM32F205VFTx	Cortex-M3	DIE411	128	768	1
STM32F205VGTx	Cortex-M3	DIE411	128	1024	1
STM32F205ZCTx	Cortex-M3	DIE411	96	256	1
STM32F205ZETx	Cortex-M3	DIE411	128	512	1
STM32F205ZFTx	Cortex-M3	DIE411	128	768	1
STM32F205ZGTx	Cortex-M3	DIE411	128	1024	1
STM32F207ICHx	Cortex-M3	DIE411	128	256	1
STM32F207ICTx	Cortex-M3	DIE411	128	256	1
STM32F207IEHx	Cortex-M3	DIE411	128	512	1
STM32F207IETx	Cortex-M3	DIE411	128	512	1
STM32F207IFHx	Cortex-M3	DIE411	128	768	1
STM32F207IFTx	Cortex-M3	DIE411	128	768	1
STM32F207IGHx	Cortex-M3	DIE411	128	1024	1
STM32F207IGTx	Cortex-M3	DIE411	128	1024	1
STM32F207VCTx	Cortex-M3	DIE411	128	256	1
STM32F207VETx	Cortex-M3	DIE411	128	512	1
STM32F207VFTx	Cortex-M3	DIE411	128	768	1
STM32F207VGTx	Cortex-M3	DIE411	128	1024	1
STM32F207ZCTx	Cortex-M3	DIE411	128	256	1
STM32F207ZETx	Cortex-M3	DIE411	128	512	1
STM32F207ZFTx	Cortex-M3	DIE411	128	768	1
STM32F207ZGTx	Cortex-M3	DIE411	128	1024	1
STM32F215RETx	Cortex-M3	DIE411	128	512	1
STM32F215RGTx	Cortex-M3	DIE411	128	1024	1
STM32F215VETx	Cortex-M3	DIE411	128	512	1
STM32F215VGTx	Cortex-M3	DIE411	128	1024	1
STM32F215ZETx	Cortex-M3	DIE411	128	512	1
STM32F215ZGTx	Cortex-M3	DIE411	128	1024	1
STM32F217IEHx	Cortex-M3	DIE411	128	512	1
STM32F217IETx	Cortex-M3	DIE411	128	512	1
STM32F217IGHx	Cortex-M3	DIE411	128	1024	1
STM32F217IGTx	Cortex-M3	DIE411	128	1024	1
STM32F217VETx	Cortex-M3	DIE411	128	512	1
STM32F217VGTx	Cortex-M3	DIE411	128	1024	1
STM32F217ZETx	Cortex-M3	DIE411	128	512	1
STM32F217ZGTx	Cortex-M3	DIE411	128	1024	1
STM32F301C6Tx	Cortex-M4	DIE439	16	32	1
STM32F301C8Tx	Cortex-M4	DIE439	16	64	1
STM32F301C8Yx	Cortex-M4	DIE439	16	64	1
STM32F301K6Tx	Cortex-M4	DIE439	16	32	1
STM32F301K6Ux	Cortex-M4	DIE439	16	32	1
STM32F301K8Tx	Cortex-M4	DIE439	16	64	1
STM32F301K8Ux	Cortex-M4	DIE439	16	64	1
STM32F301R6Tx	Cortex-M4	DIE439	16	32	1
STM32F301R8Tx	Cortex-M4	DIE439	16	64	1
STM32F302C6Tx	Cortex-M4	DIE439	16	32	1
STM32F302C8Tx	Cortex-M4	DIE439	16	64	1
STM32F302C8Yx	Cortex-M4	DIE439	16	64	1
STM32F302CBTx	Cortex-M4	DIE422	32	128	1
STM32F302CCTx	Cortex-M4	DIE422	40	256	1
STM32F302K6Ux	Cortex-M4	DIE439	16	32	1
STM32F302K8Ux	Cortex-M4	DIE439	16	64	1
STM32F302R6Tx	Cortex-M4	DIE439	16	32	1
STM32F302R8Tx	Cortex-M4	DIE439	16	64	1
STM32F302RBTx	Cortex-M4	DIE422	32	128	1
STM32F302RCTx	Cortex-M4	DIE422	40	256	1
STM32F302RDTx	Cortex-M4	DIE446	64	384	1
STM32F302RETx	Cortex-M4	DIE446	64	512	1
STM32F302VBTx	Cortex-M4	DIE422	32	128	1
STM32F302VCTx	Cortex-M4	DIE422	40	256	1
STM32F302VCYx	Cortex-M4	DIE422	40	256	1
STM32F302VDHx	Cortex-M4	DIE446	64	384	1
STM32F302VDTx	Cortex-M4	DIE446	64	384	1
STM32F302VEHx	Cortex-M4	DIE446	64	512	1
STM32F302VETx	Cortex-M4	DIE446	64	512	1
STM32F302ZDTx	Cortex-M4	DIE446	64	384	1
STM32F302ZETx	Cortex-M4	DIE446	64	512	1
STM32F303C6Tx	Cortex-M4	DIE438	12	32	1
STM32F303C8Tx	Cortex-M4	DIE438	12	64	1
STM32F303C8Yx	Cortex-M4	DIE438	12	64	1
STM32F303CBTx	Cortex-M4	DIE422	32	128	1
STM32F303CCTx	Cortex-M4	DIE422	40	256	1
STM32F303K6Tx	Cortex-M4	DIE438	12	32	1
STM32F303K6Ux	Cortex-M4	DIE438	12	32	1
STM32F303K8Tx	Cortex-M4	DIE438	12	64	1
STM32F303K8Ux	Cortex-M4	DIE438	12	64	1
STM32F303R6Tx	Cortex-M4	DIE438	12	32	1
STM32F303R8Tx	Cortex-M4	DIE438	12	64	1
STM32F303RBTx	Cortex-M4	DIE422	32	128	1
STM32F303RCTx	Cortex-M4	DIE422	40	256	1
STM32F303RDTx	Cortex-M4	DIE446	64	384	1
STM32F303RETx	Cortex-M4	DIE446	64	512	1
STM32F303VBTx	Cortex-M4	DIE422	32	128	1
STM32F303VCTx	Cortex-M4	DIE422	40	256	1
STM32F303VCYx	Cortex-M4	DIE422	40	256	1
STM32F303VDHx	Cortex-M4	DIE446	64	384	1
STM32F303VDTx	Cortex-M4	DIE446	64	384	1
STM32F303VEHx	Cortex-M4	DIE446	64	512	1
STM32F303VETx	Cortex-M4	DIE446	64	512	1
STM32F303VEYx	Cortex-M4	DIE446	64	512	1
STM32F303ZDTx	Cortex-M4	DIE446	64	384	1
STM32F303ZETx	Cortex-M4	DIE446	64	512	1
STM32F318C8Tx	Cortex-M4	DIE439	16	64	1
STM32F318C8Yx	Cortex-M4	DIE439	16	64	1
STM32F318K8Ux	Cortex-M4	DIE439	16	64	1
STM32F328C8Tx	Cortex-M4	DIE438	12	64	1
STM32F334C4Tx	Cortex-M4	DIE438	12	16	1
STM32F334C6Tx	Cortex-M4	DIE438	12	32	1
STM32F334C8Tx	Cortex-M4	DIE438	12	64	1
STM32F334C8Yx	Cortex-M4	DIE438	12	64	1
STM32F334K4Tx	Cortex-M4	DIE438	12	16	1
STM32F334K4Ux	Cortex-M4	DIE438	12	16	1
STM32F334K6Tx	Cortex-M4	DIE438	12	32	1
STM32F334K6Ux	Cortex-M4	DIE438	12	32	1
STM32F334K8Tx	Cortex-M4	DIE438	12	64	1
STM32F334K8Ux	Cortex-M4	DIE438	12	64	1
STM32F334R6Tx	Cortex-M4	DIE438	12	32	1
STM32F334R8Tx	Cortex-M4	DIE438	12	64	1
STM32F358CCTx	Cortex-M4	DIE422	40	256	1
STM32F358RCTx	Cortex-M4	DIE422	40	256	1
STM32F358VCTx	Cortex-M4	DIE422	40	256	1
STM32F373C8Tx	Cortex-M4	DIE432	16	64	1
STM32F373CBTx	Cortex-M4	DIE432	24	128	1
STM32F373CCTx	Cortex-M4	DIE432	32	256	1
STM32F373R8Tx	Cortex-M4	DIE432	16	64	1
STM32F373RBTx	Cortex-M4	DIE432	24	128	1
STM32F373RCTx	Cortex-M4	DIE432	32	256	1
STM32F373V8Hx	Cortex-M4	DIE432	16	64	1
STM32F373V8Tx	Cortex-M4	DIE432	16	64	1
STM32F373VBHx	Cortex-M4	DIE432	24	128	1
STM32F373VBTx	Cortex-M4	DIE432	24	128	1
STM32F373VCHx	Cortex-M4	DIE432	32	256	1
STM32F373VCTx	Cortex-M4	DIE432	32	256	1
STM32F378CCTx	Cortex-M4	DIE432	32	256	1
STM32F378RCTx	Cortex-M4	DIE432	32	256	1
STM32F378RCYx	Cortex-M4	DIE432	32	256	1
STM32F378VCHx	Cortex-M4	DIE432	32	256	1
STM32F378VCTx	Cortex-M4	DIE432	32	256	1
STM32F398VETx	Cortex-M4	DIE446	64	512	1
STM32F401CBUx	Cortex-M4	DIE423	64	128	1
STM32F401CBYx	Cortex-M4	DIE423	64	128	1
STM32F401CCFx	Cortex-M4	DIE423	64	256	1
STM32F401CCUx	Cortex-M4	DIE423	64	256	1
STM32F401CCYx	Cortex-M4	DIE423	64	256	1
STM32F401CDUx	Cortex-M4	DIE433	96	384	1
STM32F401CDYx	Cortex-M4	DIE433	96	384	1
STM32F401CEUx	Cortex-M4	DIE433	96	512	1
STM32F401CEYx	Cortex-M4	DIE433	96	512	1
STM32F401RBTx	Cortex-M4	DIE423	64	128	1
STM32F401RCTx	Cortex-M4	DIE423	64	256	1
STM32F401RDTx	Cortex-M4	DIE433	96	384	1
STM32F401RETx	Cortex-M4	DIE433	96	512	1
STM32F401VBHx	Cortex-M4	DIE423	64	128	1
STM32F401VBTx	Cortex-M4	DIE423	64	128	1
STM32F401VCHx	Cortex-M4	DIE423	64	256	1
STM32F401VCTx	Cortex-M4	DIE423	64	256	1
STM32F401VDHx	Cortex-M4	DIE433	96	384	1
STM32F401VDTx	Cortex-M4	DIE433	96	384	1
STM32F401VEHx	Cortex-M4	DIE433	96	512	1
STM32F401VETx	Cortex-M4	DIE433	96	512	1
STM32F405OEYx	Cortex-M4	DIE413	128	512	1
STM32F405OGYx	Cortex-M4	DIE413	128	1024	1
STM32F405RGTx	Cortex-M4	DIE413	128	1024	1
STM32F405VGTx	Cortex-M4	DIE413	128	1024	1
STM32F405ZGTx	Cortex-M4	DIE413	128	1024	1
STM32F407IEHx	Cortex-M4	DIE413	128	512	1
STM32F407IETx	Cortex-M4	DIE413	128	512	1
STM32F407IGHx	Cortex-M4	DIE413	128	1024	1
STM32F407IGTx	Cortex-M4	DIE413	128	1024	1
STM32F407VETx	Cortex-M4	DIE413	128	512	1
STM32F407VGTx	Cortex-M4	DIE413	128	1024	1
STM32F407ZETx	Cortex-M4	DIE413	128	512	1
STM32F407ZGTx	Cortex-M4	DIE413	128	1024	1
STM32F410C8Tx	Cortex-M4	DIE458	32	64	1
STM32F410C8Ux	Cortex-M4	DIE458	32	64	1
STM32F410CBTx	Cortex-M4	DIE458	32	128	1
STM32F410CBUx	Cortex-M4	DIE458	32	128	1
STM32F410R8Ix	Cortex-M4	DIE458	32	64	1
STM32F410R8Tx	Cortex-M4	DIE458	32	64	1
STM32F410RBIx	Cortex-M4	DIE458	32	128	1
STM32F410RBTx	Cortex-M4	DIE458	32	128	1
STM32F410T8Yx	Cortex-M4	DIE458	32	64	1
STM32F410TBYx	Cortex-M4	DIE458	32	128	1
STM32F411CCUx	Cortex-M4	DIE431	128	256	1
STM32F411CCYx	Cortex-M4	DIE431	128	256	1
STM32F411CEUx	Cortex-M4	DIE431	128	512	1
STM32F411CEYx	Cortex-M4	DIE431	128	512	1
STM32F411RCTx	Cortex-M4	DIE431	128	256	1
STM32F411RETx	Cortex-M4	DIE431	128	512	1
STM32F411VCHx	Cortex-M4	DIE431	128	256	1
STM32F411VCTx	Cortex-M4	DIE431	128	256	1
STM32F411VEHx	Cortex-M4	DIE431	128	512	1
STM32F411VETx	Cortex-M4	DIE431	128	512	1
STM32F412CEUx	Cortex-M4	DIE441	256	512	1
STM32F412CGUx	Cortex-M4	DIE441	256	1024	1
STM32F412RETx	Cortex-M4	DIE441	256	512	1
STM32F412REYx	Cortex-M4	DIE441	256	512	1
STM32F412REYxP	Cortex-M4	DIE441	256	512	1
STM32F412RGTx	Cortex-M4	DIE441	256	1024	1
STM32F412RGYx	Cortex-M4	DIE441	256	1024	1
STM32F412RGYxP	Cortex-M4	DIE441	256	1024	1
STM32F412VEHx	Cortex-M4	DIE441	256	512	1
STM32F412VETx	Cortex-M4	DIE441	256	512	1
STM32F412VGHx	Cortex-M4	DIE441	256	1024	1
STM32F412VGTx	Cortex-M4	DIE441	256	1024	1
STM32F412ZEJx	Cortex-M4	DIE441	256	512	1
STM32F412ZETx	Cortex-M4	DIE441	256	512	1
STM32F412ZGJx	Cortex-M4	DIE441	256	1024	1
STM32F412ZGTx	Cortex-M4	DIE441	256	1024	1
STM32F413CGUx	Cortex-M4	DIE463	320	1024	1
STM32F413CHUx	Cortex-M4	DIE463	320	1536	1
STM32F413MGYx	Cortex-M4	DIE463	320	1024	1
STM32F413MHYx	Cortex-M4	DIE463	320	1536	1
STM32F413RGTx	Cortex-M4	DIE463	320	1024	1
STM32F413RHTx	Cortex-M4	DIE463	320	1536	1
STM32F413VGHx	Cortex-M4	DIE463	320	1024	1
STM32F413VGTx	Cortex-M4	DIE463	320	1024	1
STM32F413VHHx	Cortex-M4	DIE463	320	1536	1
STM32F413VHTx	Cortex-M4	DIE463	320	1536	1
STM32F413ZGJx	Cortex-M4	DIE463	320	1024	1
STM32F413ZGTx	Cortex-M4	DIE463	320	1024	1
STM32F413ZHJx	Cortex-M4	DIE463	320	1536	1
STM32F413ZHTx	Cortex-M4	DIE463	320	1536	1
STM32F415OGYx	Cortex-M4	DIE413	128	1024	1
STM32F415RGTx	Cortex-M4	DIE413	128	1024	1
STM32F415VGTx	Cortex-M4	DIE413	128	1024	1
STM32F415ZGTx	Cortex-M4	DIE413	128	1024	1
STM32F417IEHx	Cortex-M4	DIE413	128	512	1
STM32F417IETx	Cortex-M4	DIE413	128	512	1
STM32F417IGHx	Cortex-M4	DIE413	128	1024	1
STM32F417IGTx	Cortex-M4	DIE413	128	1024	1
STM32F417VETx	Cortex-M4	DIE413	128	512	1
STM32F417VGTx	Cortex-M4	DIE413	128	1024	1
STM32F417ZETx	Cortex-M4	DIE413	128	512	1
STM32F417ZGTx	Cortex-M4	DIE413	128	1024	1
STM32F423CHUx	Cortex-M4	DIE463	320	1536	1
STM32F423MHYx	Cortex-M4	DIE463	320	1536	1
STM32F423RHTx	Cortex-M4	DIE463	320	1536	1
STM32F423VHHx	Cortex-M4	DIE463	320	1536	1
STM32F423VHTx	Cortex-M4	DIE463	320	1536	1
STM32F423ZHJx	Cortex-M4	DIE463	320	1536	1
STM32F423ZHTx	Cortex-M4	DIE463	320	1536	1
STM32F427AGHx	Cortex-M4	DIE419	192	1024	1
STM32F427AIHx	Cortex-M4	DIE419	192	2048	1
STM32F427IGHx	Cortex-M4	DIE419	192	1024	1
STM32F427IGTx	Cortex-M4	DIE419	192	1024	1
STM32F427IIHx	Cortex-M4	DIE419	192	2048	1
STM32F427IITx	Cortex-M4	DIE419	192	2048	1
STM32F427VGTx	Cortex-M4	DIE419	192	1024	1
STM32F427VITx	Cortex-M4	DIE419	192	2048	1
STM32F427ZGTx	Cortex-M4	DIE419	192	1024	1
STM32F427ZITx	Cortex-M4	DIE419	192	2048	1
STM32F429AGHx	Cortex-M4	DIE419	192	1024	1
STM32F429AIHx	Cortex-M4	DIE419	192	2048	1
STM32F429BETx	Cortex-M4	DIE419	192	512	1
STM32F429BGTx	Cortex-M4	DIE419	192	1024	1
STM32F429BITx	Cortex-M4	DIE419	192	2048	1
STM32F429IEHx	Cortex-M4	DIE419	192	512	1
STM32F429IETx	Cortex-M4	DIE419	192	512	1
STM32F429IGHx	Cortex-M4	DIE419	192	1024	1
STM32F429IGTx	Cortex-M4	DIE419	192	1024	1
STM32F429IIHx	Cortex-M4	DIE419	192	2048	1
STM32F429IITx	Cortex-M4	DIE419	192	2048	1
STM32F429NEHx	Cortex-M4	DIE419	192	512	1
STM32F429NGHx	Cortex-M4	DIE419	192	1024	1
STM32F429NIHx	Cortex-M4	DIE419	192	2048	1
STM32F429VETx	Cortex-M4	DIE419	192	512	1
STM32F429VGTx	Cortex-M4	DIE419	192	1024	1
STM32F429VITx	Cortex-M4	DIE419	192	2048	1
STM32F429ZETx	Cortex-M4	DIE419	192	512	1
STM32F429ZGTx	Cortex-M4	DIE419	192	1024	1
STM32F429ZGYx	Cortex-M4	DIE419	192	1024	1
STM32F429ZITx	Cortex-M4	DIE419	192	2048	1
STM32F429ZIYx	Cortex-M4	DIE419	192	2048	1
STM32F437AIHx	Cortex-M4	DIE419	192	2048	1
STM32F437IGHx	Cortex-M4	DIE419	192	1024	1
STM32F437IGTx	Cortex-M4	DIE419	192	1024	1
STM32F437IIHx	Cortex-M4	DIE419	192	2048	1
STM32F437IITx	Cortex-M4	DIE419	192	2048	1
STM32F437VGTx	Cortex-M4	DIE419	192	1024	1
STM32F437VITx	Cortex-M4	DIE419	192	2048	1
STM32F437ZGTx	Cortex-M4	DIE419	192	1024	1
STM32F437ZITx	Cortex-M4	DIE419	192	2048	1
STM32F439AIHx	Cortex-M4	DIE419	192	2048	1
STM32F439BGTx	Cortex-M4	DIE419	192	1024	1
STM32F439BITx	Cortex-M4	DIE419	192	2048	1
STM32F439IGHx	Cortex-M4	DIE419	192	1024	1
STM32F439IGTx	Cortex-M4	DIE419	192	1024	1
STM32F439IIHx	Cortex-M4	DIE419	192	2048	1
STM32F439IITx	Cortex-M4	DIE419	192	2048	1
STM32F439NGHx	Cortex-M4	DIE419	192	1024	1
STM32F439NIHx	Cortex-M4	DIE419	192	2048	1
STM32F439VGTx	Cortex-M4	DIE419	192	1024	1
STM32F439VITx	Cortex-M4	DIE419	192	2048	1
STM32F439ZGTx	Cortex-M4	DIE419	192	1024	1
STM32F439ZGYx	Cortex-M4	DIE419	192	1024	1
STM32F439ZITx	Cortex-M4	DIE419	192	2048	1
STM32F439ZIYx	Cortex-M4	DIE419	192	2048	1
STM32F446MCYx	Cortex-M4	DIE421	128	256	1
STM32F446MEYx	Cortex-M4	DIE421	128	512	1
STM32F446RCTx	Cortex-M4	DIE421	128	256	1
STM32F446RETx	Cortex-M4	DIE421	128	512	1
STM32F446VCTx	Cortex-M4	DIE421	128	256	1
STM32F446VETx	Cortex-M4	DIE421	128	512	1
STM32F446ZCHx	Cortex-M4	DIE421	128	256	1
STM32F446ZCJx	Cortex-M4	DIE421	128	256	1
STM32F446ZCTx	Cortex-M4	DIE421	128	256	1
STM32F446ZEHx	Cortex-M4	DIE421	128	512	1
STM32F446ZEJx	Cortex-M4	DIE421	128	512	1
STM32F446ZETx	Cortex-M4	DIE421	128	512	1
STM32F469AEHx	Cortex-M4	DIE434	320	512	1
STM32F469AEYx	Cortex-M4	DIE434	320	512	1
STM32F469AGHx	Cortex-M4	DIE434	320	1024	1
STM32F469AGYx	Cortex-M4	DIE434	320	1024	1
STM32F469AIHx	Cortex-M4	DIE434	320	2048	1
STM32F469AIYx	Cortex-M4	DIE434	320	2048	1
STM32F469BETx	Cortex-M4	DIE434	320	512	1
STM32F469BGTx	Cortex-M4	DIE434	320	1024	1
STM32F469BITx	Cortex-M4	DIE434	320	2048	1
STM32F469IEHx	Cortex-M4	DIE434	320	512	1
STM32F469IETx	Cortex-M4	DIE434	320	512	1
STM32F469IGHx	Cortex-M4	DIE434	320	1024	1
STM32F469IGTx	Cortex-M4	DIE434	320	1024	1
STM32F469IIHx	Cortex-M4	DIE434	320	2048	1
STM32F469IITx	Cortex-M4	DIE434	320	2048	1
STM32F469NEHx	Cortex-M4	DIE434	320	512	1
STM32F469NGHx	Cortex-M4	DIE434	320	1024	1
STM32F469NIHx	Cortex-M4	DIE434	320	2048	1
STM32F469VETx	Cortex-M4	DIE434	320	512	1
STM32F469VGTx	Cortex-M4	DIE434	320	1024	1
STM32F469VITx	Cortex-M4	DIE434	320	2048	1
STM32F469ZETx	Cortex-M4	DIE434	320	512	1
STM32F469ZGTx	Cortex-M4	DIE434	320	1024	1
STM32F469ZITx	Cortex-M4	DIE434	320	2048	1
STM32F479AGHx	Cortex-M4	DIE434	320	1024	1
STM32F479AGYx	Cortex-M4	DIE434	320	1024	1
STM32F479AIHx	Cortex-M4	DIE434	320	2048	1
STM32F479AIYx	Cortex-M4	DIE434	320	2048	1
STM32F479BGTx	Cortex-M4	DIE434	320	1024	1
STM32F479BITx	Cortex-M4	DIE434	320	2048	1
STM32F479IGHx	Cortex-M4	DIE434	320	1024	1
STM32F479IGTx	Cortex-M4	DIE434	320	1024	1
STM32F479IIHx	Cortex-M4	DIE434	320	2048	1
STM32F479IITx	Cortex-M4	DIE434	320	2048	1
STM32F479NGHx	Cortex-M4	DIE434	320	1024	1
STM32F479NIHx	Cortex-M4	DIE434	320	2048	1
STM32F479VGTx	Cortex-M4	DIE434	320	1024	1
STM32F479VITx	Cortex-M4	DIE434	320	2048	1
STM32F479ZGTx	Cortex-M4	DIE434	320	1024	1
STM32F479ZITx	Cortex-M4	DIE434	320	2048	1
STM32F722ICKx	Cortex-M7	DIE452	192	256	1
STM32F722ICTx	Cortex-M7	DIE452	192	256	1
STM32F722IEKx	Cortex-M7	DIE452	192	512	1
STM32F722IETx	Cortex-M7	DIE452	192	512	1
STM32F722RCTx	Cortex-M7	DIE452	192	256	1
STM32F722RETx	Cortex-M7	DIE452	192	512	1
STM32F722VCTx	Cortex-M7	DIE452	192	256	1
STM32F722VETx	Cortex-M7	DIE452	192	512	1
STM32F722ZCTx	Cortex-M7	DIE452	192	256	1
STM32F722ZETx	Cortex-M7	DIE452	192	512	1
STM32F723ICKx	Cortex-M7	DIE452	192	256	1
STM32F723ICTx	Cortex-M7	DIE452	192	256	1
STM32F723IEKx	Cortex-M7	DIE452	192	512	1
STM32F723IETx	Cortex-M7	DIE452	192	512	1
STM32F723RCVx	Cortex-M7	DIE452	192	256	1
STM32F723REVx	Cortex-M7	DIE452	192	512	1
STM32F723VCTx	Cortex-M7	DIE452	192	256	1
STM32F723VCYx	Cortex-M7	DIE452	192	256	1
STM32F723VETx	Cortex-M7	DIE452	192	512	1
STM32F723VEYx	Cortex-M7	DIE452	192	512	1
STM32F723ZCIx	Cortex-M7	DIE452	192	256	1
STM32F723ZCTx	Cortex-M7	DIE452	192	256	1
STM32F723ZEIx	Cortex-M7	DIE452	192	512	1
STM32F723ZETx	Cortex-M7	DIE452	192	512	1
STM32F730I8Kx	Cortex-M7	DIE452	192	64	1
STM32F730R8Tx	Cortex-M7	DIE452	192	64	1
STM32F730V8Tx	Cortex-M7	DIE452	192	64	1
STM32F730Z8Tx	Cortex-M7	DIE452	192	64	1
STM32F732IEKx	Cortex-M7	DIE452	192	512	1
STM32F732IETx	Cortex-M7	DIE452	192	512	1
STM32F732RETx	Cortex-M7	DIE452	192	512	1
STM32F732VETx	Cortex-M7	DIE452	192	512	1
STM32F732ZETx	Cortex-M7	DIE452	192	512	1
STM32F733IEKx	Cortex-M7	DIE452	192	512	1
STM32F733IETx	Cortex-M7	DIE452	192	512	1
STM32F733VETx	Cortex-M7	DIE452	192	512	1
STM32F733VEYx	Cortex-M7	DIE452	192	512	1
STM32F733ZEIx	Cortex-M7	DIE452	192	512	1
STM32F733ZETx	Cortex-M7	DIE452	192	512	1
STM32F745IEKx	Cortex-M7	DIE449	320	512	1
STM32F745IETx	Cortex-M7	DIE449	320	512	1
STM32F745IGKx	Cortex-M7	DIE449	320	1024	1
STM32F745IGTx	Cortex-M7	DIE449	320	1024	1
STM32F745VEHx	Cortex-M7	DIE449	320	512	1
STM32F745VETx	Cortex-M7	DIE449	320	512	1
STM32F745VGHx	Cortex-M7	DIE449	320	1024	1
STM32F745VGTx	Cortex-M7	DIE449	320	1024	1
STM32F745ZETx	Cortex-M7	DIE449	320	512	1
STM32F745ZGTx	Cortex-M7	DIE449	320	1024	1
STM32F746BETx	Cortex-M7	DIE449	320	512	1
STM32F746BGTx	Cortex-M7	DIE449	320	1024	1
STM32F746IEKx	Cortex-M7	DIE449	320	512	1
STM32F746IETx	Cortex-M7	DIE449	320	512	1
STM32F746IGKx	Cortex-M7	DIE449	320	1024	1
STM32F746IGTx	Cortex-M7	DIE449	320	1024	1
STM32F746NEHx	Cortex-M7	DIE449	320	512	1
STM32F746NGHx	Cortex-M7	DIE449	320	1024	1
STM32F746VEHx	Cortex-M7	DIE449	320	512	1
STM32F746VETx	Cortex-M7	DIE449	320	512	1
STM32F746VGHx	Cortex-M7	DIE449	320	1024	1
STM32F746VGTx	Cortex-M7	DIE449	320	1024	1
STM32F746ZETx	Cortex-M7	DIE449	320	512	1
STM32F746ZEYx	Cortex-M7	DIE449	320	512	1
STM32F746ZGTx	Cortex-M7	DIE449	320	1024	1
STM32F746ZGYx	Cortex-M7	DIE449	320	1024	1
STM32F750N8Hx	Cortex-M7	DIE449	320	64	1
STM32F750V8Tx	Cortex-M7	DIE449	320	64	1
STM32F750Z8Tx	Cortex-M7	DIE449	320	64	1
STM32F756BGTx	Cortex-M7	DIE449	320	1024	1
STM32F756IGKx	Cortex-M7	DIE449	320	1024	1
STM32F756IGTx	Cortex-M7	DIE449	320	1024	1
STM32F756NGHx	Cortex-M7	DIE449	320	1024	1
STM32F756VGHx	Cortex-M7	DIE449	320	1024	1
STM32F756VGTx	Cortex-M7	DIE449	320	1024	1
STM32F756ZGTx	Cortex-M7	DIE449	320	1024	1
STM32F756ZGYx	Cortex-M7	DIE449	320	1024	1
STM32F765BGTx	Cortex-M7	DIE451	384	1024	1
STM32F765BITx	Cortex-M7	DIE451	384	2048	1
STM32F765IGKx	Cortex-M7	DIE451	384	1024	1
STM32F765IGTx	Cortex-M7	DIE451	384	1024	1
STM32F765IIKx	Cortex-M7	DIE451	384	2048	1
STM32F765IITx	Cortex-M7	DIE451	384	2048	1
STM32F765NGHx	Cortex-M7	DIE451	384	1024	1
STM32F765NIHx	Cortex-M7	DIE451	384	2048	1
STM32F765VGHx	Cortex-M7	DIE451	384	1024	1
STM32F765VGTx	Cortex-M7	DIE451	384	1024	1
STM32F765VIHx	Cortex-M7	DIE451	384	2048	1
STM32F765VITx	Cortex-M7	DIE451	384	2048	1
STM32F765ZGTx	Cortex-M7	DIE451	384	1024	1
STM32F765ZITx	Cortex-M7	DIE451	384	2048	1
STM32F767BGTx	Cortex-M7	DIE451	384	1024	1
STM32F767BITx	Cortex-M7	DIE451	384	2048	1
STM32F767IGKx	Cortex-M7	DIE451	384	1024	1
STM32F767IGTx	Cortex-M7	DIE451	384	1024	1
STM32F767IIKx	Cortex-M7	DIE451	384	2048	1
STM32F767IITx	Cortex-M7	DIE451	384	2048	1
STM32F767NGHx	Cortex-M7	DIE451	384	1024	1
STM32F767NIHx	Cortex-M7	DIE451	384	2048	1
STM32F767VGHx	Cortex-M7	DIE451	384	1024	1
STM32F767VGTx	Cortex-M7	DIE451	384	1024	1
STM32F767VIHx	Cortex-M7	DIE451	384	2048	1
STM32F767VITx	Cortex-M7	DIE451	384	2048	1
STM32F767ZGTx	Cortex-M7	DIE451	384	1024	1
STM32F767ZITx	Cortex-M7	DIE451	384	2048	1
STM32F768AIYx	Cortex-M7	DIE451	384	2048	1
STM32F769AGYx	Cortex-M7	DIE451	384	1024	1
STM32F769AIYx	Cortex-M7	DIE451	384	2048	1
STM32F769BGTx	Cortex-M7	DIE451	384	1024	1
STM32F769BITx	Cortex-M7	DIE451	384	2048	1
STM32F769IGTx	Cortex-M7	DIE451	384	1024	1
STM32F769IITx	Cortex-M7	DIE451	384	2048	1
STM32F769NGHx	Cortex-M7	DIE451	384	1024	1
STM32F769NIHx	Cortex-M7	DIE451	384	2048	1
STM32F777BITx	Cortex-M7	DIE451	384	2048	1
STM32F777IIKx	Cortex-M7	DIE451	384	2048	1
STM32F777IITx	Cortex-M7	DIE451	384	2048	1
STM32F777NIHx	Cortex-M7	DIE451	384	2048	1
STM32F777VIHx	Cortex-M7	DIE451	384	2048	1
STM32F777VITx	Cortex-M7	DIE451	384	2048	1
STM32F777ZITx	Cortex-M7	DIE451	384	2048	1
STM32F778AIYx	Cortex-M7	DIE451	384	2048	1
STM32F779AIYx	Cortex-M7	DIE451	384	2048	1
STM32F779BITx	Cortex-M7	DIE451	384	2048	1
STM32F779IITx	Cortex-M7	DIE451	384	2048	1
STM32F779NIHx	Cortex-M7	DIE451	384	2048	1
STM32G030C6Tx	Cortex-M0plus	DIE466	8	32	1
STM32G030C8Tx	Cortex-M0plus	DIE466	8	64	1
STM32G030F6Px	Cortex-M0plus	DIE466	8	32	1
STM32G030J6Mx	Cortex-M0plus	DIE466	8	32	1
STM32G030K6Tx	Cortex-M0plus	DIE466	8	32	1
STM32G030K8Tx	Cortex-M0plus	DIE466	8	64	1
STM32G031C4Tx	Cortex-M0plus	DIE466	8	16	1
STM32G031C4Ux	Cortex-M0plus	DIE466	8	16	1
STM32G031C6Tx	Cortex-M0plus	DIE466	8	32	1
STM32G031C6Ux	Cortex-M0plus	DIE466	8	32	1
STM32G031C8Tx	Cortex-M0plus	DIE466	8	64	1
STM32G031C8Ux	Cortex-M0plus	DIE466	8	64	1
STM32G031F4Px	Cortex-M0plus	DIE466	8	16	1
STM32G031F6Px	Cortex-M0plus	DIE466	8	32	1
STM32G031F8Px	Cortex-M0plus	DIE466	8	64	1
STM32G031G4Ux	Cortex-M0plus	DIE466	8	16	1
STM32G031G6Ux	Cortex-M0plus	DIE466	8	32	1
STM32G031G8Ux	Cortex-M0plus	DIE466	8	64	1
STM32G031J4Mx	Cortex-M0plus	DIE466	8	16	1
STM32G031J6Mx	Cortex-M0plus	DIE466	8	32	1
STM32G031K4Tx	Cortex-M0plus	DIE466	8	16	1
STM32G031K4Ux	Cortex-M0plus	DIE466	8	16	1
STM32G031K6Tx	Cortex-M0plus	DIE466	8	32	1
STM32G031K6Ux	Cortex-M0plus	DIE466	8	32	1
STM32G031K8Tx	Cortex-M0plus	DIE466	8	64	1
STM32G031K8Ux	Cortex-M0plus	DIE466	8	64	1
STM32G031Y8Yx	Cortex-M0plus	DIE466	8	64	1
STM32G041C6Tx	Cortex-M0plus	DIE466	8	32	1
STM32G041C6Ux	Cortex-M0plus	DIE466	8	32	1
STM32G041C8Tx	Cortex-M0plus	DIE466	8	64	1
STM32G041C8Ux	Cortex-M0plus	DIE466	8	64	1
STM32G041F6Px	Cortex-M0plus	DIE466	8	32	1
STM32G041F8Px	Cortex-M0plus	DIE466	8	64	1
STM32G041G6Ux	Cortex-M0plus	DIE466	8	32	1
STM32G041G8Ux	Cortex-M0plus	DIE466	8	64	1
STM32G041J6Mx	Cortex-M0plus	DIE466	8	32	1
STM32G041K6Tx	Cortex-M0plus	DIE466	8	32	1
STM32G041K6Ux	Cortex-M0plus	DIE466	8	32	1
STM32G041K8Tx	Cortex-M0plus	DIE466	8	64	1
STM32G041K8Ux	Cortex-M0plus	DIE466	8	64	1
STM32G041Y8Yx	Cortex-M0plus	DIE466	8	64	1
STM32G050C6Tx	Cortex-M0plus	DIE456	18	32	1
STM32G050C8Tx	Cortex-M0plus	DIE456	18	64	1
STM32G050F6Px	Cortex-M0plus	DIE456	18	32	1
STM32G050K6Tx	Cortex-M0plus	DIE456	18	32	1
STM32G050K8Tx	Cortex-M0plus	DIE456	18	64	1
STM32G051C6Tx	Cortex-M0plus	DIE456	18	32	1
STM32G051C6Ux	Cortex-M0plus	DIE456	18	32	1
STM32G051C8Tx	Cortex-M0plus	DIE456	18	64	1
STM32G051C8Ux	Cortex-M0plus	DIE456	18	64	1
STM32G051F6Px	Cortex-M0plus	DIE456	18	32	1
STM32G051F8Px	Cortex-M0plus	DIE456	18	64	1
STM32G051F8Yx	Cortex-M0plus	DIE456	18	64	1
STM32G051G6Ux	Cortex-M0plus	DIE456	18	32	1
STM32G051G8Ux	Cortex-M0plus	DIE456	18	64	1
STM32G051K6Tx	Cortex-M0plus	DIE456	18	32	1
STM32G051K6Ux	Cortex-M0plus	DIE456	18	32	1
STM32G051K8Tx	Cortex-M0plus	DIE456	18	64	1
STM32G051K8Ux	Cortex-M0plus	DIE456	18	64	1
STM32G061C6Tx	Cortex-M0plus	DIE456	18	32	1
STM32G061C6Ux	Cortex-M0plus	DIE456	18	32	1
STM32G061C8Tx	Cortex-M0plus	DIE456	18	64	1
STM32G061C8Ux	Cortex-M0plus	DIE456	18	64	1
STM32G061F6Px	Cortex-M0plus	DIE456	18	32	1
STM32G061F8Px	Cortex-M0plus	DIE456	18	64	1
STM32G061F8Yx	Cortex-M0plus	DIE456	18	64	1
STM32G061G6Ux	Cortex-M0plus	DIE456	18	32	1
STM32G061G8Ux	Cortex-M0plus	DIE456	18	64	1
STM32G061K6Tx	Cortex-M0plus	DIE456	18	32	1
STM32G061K6Ux	Cortex-M0plus	DIE456	18	32	1
STM32G061K8Tx	Cortex-M0plus	DIE456	18	64	1
STM32G061K8Ux	Cortex-M0plus	DIE456	18	64	1
STM32G070CBTx	Cortex-M0plus	DIE460	36	128	1
STM32G070KBTx	Cortex-M0plus	DIE460	36	128	1
STM32G070RBTx	Cortex-M0plus	DIE460	36	128	1
STM32G071C6Tx	Cortex-M0plus	DIE460	36	32	1
STM32G071C6Ux	Cortex-M0plus	DIE460	36	32	1
STM32G071C8Tx	Cortex-M0plus	DIE460	36	64	1
STM32G071C8Ux	Cortex-M0plus	DIE460	36	64	1
STM32G071CBTx	Cortex-M0plus	DIE460	36	128	1
STM32G071CBUx	Cortex-M0plus	DIE460	36	128	1
STM32G071EBYx	Cortex-M0plus	DIE460	36	128	1
STM32G071G6Ux	Cortex-M0plus	DIE460	36	32	1
STM32G071G8Ux	Cortex-M0plus	DIE460	36	64	1
STM32G071G8UxN	Cortex-M0plus	DIE460	36	64	1
STM32G071GBUx	Cortex-M0plus	DIE460	36	128	1
STM32G071GBUxN	Cortex-M0plus	DIE460	36	128	1
STM32G071K6Tx	Cortex-M0plus	DIE460	36	32	1
STM32G071K6Ux	Cortex-M0plus	DIE460	36	32	1
STM32G071K8Tx	Cortex-M0plus	DIE460	36	64	1
STM32G071K8TxN	Cortex-M0plus	DIE460	36	64	1
STM32G071K8Ux	Cortex-M0plus	DIE460	36	64	1
STM32G071K8UxN	Cortex-M0plus	DIE460	36	64	1
STM32G071KBTx	Cortex-M0plus	DIE460	36	128	1
STM32G071KBTxN	Cortex-M0plus	DIE460	36	128	1
STM32G071KBUx	Cortex-M0plus	DIE460	36	128	1
STM32G071KBUxN	Cortex-M0plus	DIE460	36	128	1
STM32G071R6Tx	Cortex-M0plus	DIE460	36	32	1
STM32G071R8Tx	Cortex-M0plus	DIE460	36	64	1
STM32G071RBIx	Cortex-M0plus	DIE460	36	128	1
STM32G071RBTx	Cortex-M0plus	DIE460	36	128	1
STM32G081CBTx	Cortex-M0plus	DIE460	36	128	1
STM32G081CBUx	Cortex-M0plus	DIE460	36	128	1
STM32G081EBYx	Cortex-M0plus	DIE460	36	128	1
STM32G081GBUx	Cortex-M0plus	DIE460	36	128	1
STM32G081GBUxN	Cortex-M0plus	DIE460	36	128	1
STM32G081KBTx	Cortex-M0plus	DIE460	36	128	1
STM32G081KBTxN	Cortex-M0plus	DIE460	36	128	1
STM32G081KBUx	Cortex-M0plus	DIE460	36	128	1
STM32G081KBUxN	Cortex-M0plus	DIE460	36	128	1
STM32G081RBIx	Cortex-M0plus	DIE460	36	128	1
STM32G081RBTx	Cortex-M0plus	DIE460	36	128	1
STM32G0B0CETx	Cortex-M0plus	DIE467	144	512	1
STM32G0B0KETx	Cortex-M0plus	DIE467	144	512	1
STM32G0B0RETx	Cortex-M0plus	DIE467	144	512	1
STM32G0B0VETx	Cortex-M0plus	DIE467	144	512	1
STM32G0B1CBTx	Cortex-M0plus	DIE467	144	128	1
STM32G0B1CBTxN	Cortex-M0plus	DIE467	144	128	1
STM32G0B1CBUx	Cortex-M0plus	DIE467	144	128	1
STM32G0B1CBUxN	Cortex-M0plus	DIE467	144	128	1
STM32G0B1CCTx	Cortex-M0plus	DIE467	144	256	1
STM32G0B1CCTxN	Cortex-M0plus	DIE467	144	256	1
STM32G0B1CCUx	Cortex-M0plus	DIE467	144	256	1
STM32G0B1CCUxN	Cortex-M0plus	DIE467	144	256	1
STM32G0B1CETx	Cortex-M0plus	DIE467	144	512	1
STM32G0B1CETxN	Cortex-M0plus	DIE467	144	512	1
STM32G0B1CEUx	Cortex-M0plus	DIE467	144	512	1
STM32G0B1CEUxN	Cortex-M0plus	DIE467	144	512	1
STM32G0B1KBTx	Cortex-M0plus	DIE467	144	128	1
STM32G0B1KBTxN	Cortex-M0plus	DIE467	144	128	1
STM32G0B1KBUx	Cortex-M0plus	DIE467	144	128	1
STM32G0B1KBUxN	Cortex-M0plus	DIE467	144	128	1
STM32G0B1KCTx	Cortex-M0plus	DIE467	144	256	1
STM32G0B1KCTxN	Cortex-M0plus	DIE467	144	256	1
STM32G0B1KCUx	Cortex-M0plus	DIE467	144	256	1
STM32G0B1KCUxN	Cortex-M0plus	DIE467	144	256	1
STM32G0B1KETx	Cortex-M0plus	DIE467	144	512	1
STM32G0B1KETxN	Cortex-M0plus	DIE467	144	512	1
STM32G0B1KEUx	Cortex-M0plus	DIE467	144	512	1
STM32G0B1KEUxN	Cortex-M0plus	DIE467	144	512	1
STM32G0B1MBTx	Cortex-M0plus	DIE467	144	128	1
STM32G0B1MCTx	Cortex-M0plus	DIE467	144	256	1
STM32G0B1METx	Cortex-M0plus	DIE467	144	512	1
STM32G0B1NEYx	Cortex-M0plus	DIE467	144	512	1
STM32G0B1RBIxN	Cortex-M0plus	DIE467	144	128	1
STM32G0B1RBTx	Cortex-M0plus	DIE467	144	128	1
STM32G0B1RBTxN	Cortex-M0plus	DIE467	144	128	1
STM32G0B1RCIxN	Cortex-M0plus	DIE467	144	256	1
STM32G0B1RCTx	Cortex-M0plus	DIE467	144	256	1
STM32G0B1RCTxN	Cortex-M0plus	DIE467	144	256	1
STM32G0B1REIxN	Cortex-M0plus	DIE467	144	512	1
STM32G0B1RETx	Cortex-M0plus	DIE467	144	512	1
STM32G0B1RETxN	Cortex-M0plus	DIE467	144	512	1
STM32G0B1VBIx	Cortex-M0plus	DIE467	144	128	1
STM32G0B1VBTx	Cortex-M0plus	DIE467	144	128	1
STM32G0B1VCIx	Cortex-M0plus	DIE467	144	256	1
STM32G0B1VCTx	Cortex-M0plus	DIE467	144	256	1
STM32G0B1VEIx	Cortex-M0plus	DIE467	144	512	1
STM32G0B1VETx	Cortex-M0plus	DIE467	144	512	1
STM32G0C1CCTx	Cortex-M0plus	DIE467	144	256	1
STM32G0C1CCTxN	Cortex-M0plus	DIE467	144	256	1
STM32G0C1CCUx	Cortex-M0plus	DIE467	144	256	1
STM32G0C1CCUxN	Cortex-M0plus	DIE467	144	256	1
STM32G0C1CETx	Cortex-M0plus	DIE467	144	512	1
STM32G0C1CETxN	Cortex-M0plus	DIE467	144	512	1
STM32G0C1CEUx	Cortex-M0plus	DIE467	144	512	1
STM32G0C1CEUxN	Cortex-M0plus	DIE467	144	512	1
STM32G0C1KCTx	Cortex-M0plus	DIE467	144	256	1
STM32G0C1KCTxN	Cortex-M0plus	DIE467	144	256	1
STM32G0C1KCUx	Cortex-M0plus	DIE467	144	256	1
STM32G0C1KCUxN	Cortex-M0plus	DIE467	144	256	1
STM32G0C1KETx	Cortex-M0plus	DIE467	144	512	1
STM32G0C1KETxN	Cortex-M0plus	DIE467	144	512	1
STM32G0C1KEUx	Cortex-M0plus	DIE467	144	512	1
STM32G0C1KEUxN	Cortex-M0plus	DIE467	144	512	1
STM32G0C1MCTx	Cortex-M0plus	DIE467	144	256	1
STM32G0C1METx	Cortex-M0plus	DIE467	144	512	1
STM32G0C1NEYx	Cortex-M0plus	DIE467	144	512	1
STM32G0C1RCIxN	Cortex-M0plus	DIE467	144	256	1
STM32G0C1RCTx	Cortex-M0plus	DIE467	144	256	1
STM32G0C1RCTxN	Cortex-M0plus	DIE467	144	256	1
STM32G0C1REIxN	Cortex-M0plus	DIE467	144	512	1
STM32G0C1RETx	Cortex-M0plus	DIE467	144	512	1
STM32G0C1RETxN	Cortex-M0plus	DIE467	144	512	1
STM32G0C1VCIx	Cortex-M0plus	DIE467	144	256	1
STM32G0C1VCTx	Cortex-M0plus	DIE467	144	256	1
STM32G0C1VEIx	Cortex-M0plus	DIE467	144	512	1
STM32G0C1VETx	Cortex-M0plus	DIE467	144	512	1
STM32G411C6Tx	Cortex-M4	DIE468	32	32	1
STM32G411C6Ux	Cortex-M4	DIE468	32	32	1
STM32G411C8Tx	Cortex-M4	DIE468	32	64	1
STM32G411C8Ux	Cortex-M4	DIE468	32	64	1
STM32G411CBTx	Cortex-M4	DIE468	32	128	1
STM32G411CBUx	Cortex-M4	DIE468	32	128	1
STM32G411CCTx	Cortex-M4	DIE479	256	256	1
STM32G411CCUx	Cortex-M4	DIE479	256	256	1
STM32G411K6Tx	Cortex-M4	DIE468	32	32	1
STM32G411K6Ux	Cortex-M4	DIE468	32	32	1
STM32G411K8Tx	Cortex-M4	DIE468	32	64	1
STM32G411K8Ux	Cortex-M4	DIE468	32	64	1
STM32G411KBTx	Cortex-M4	DIE468	32	128	1
STM32G411KBUx	Cortex-M4	DIE468	32	128	1
STM32G411M6Tx	Cortex-M4	DIE468	32	32	1
STM32G411M8Tx	Cortex-M4	DIE468	32	64	1
STM32G411MBTx	Cortex-M4	DIE468	32	128	1
STM32G411MCTx	Cortex-M4	DIE479	256	256	1
STM32G411R6Tx	Cortex-M4	DIE468	32	32	1
STM32G411R8Tx	Cortex-M4	DIE468	32	64	1
STM32G411RBTx	Cortex-M4	DIE468	32	128	1
STM32G411RCTx	Cortex-M4	DIE479	256	256	1
STM32G414CBTx	Cortex-M4	DIE469	256	128	1
STM32G414CBUx	Cortex-M4	DIE469	256	128	1
STM32G414CCTx	Cortex-M4	DIE469	256	256	1
STM32G414CCUx	Cortex-M4	DIE469	256	256	1
STM32G414MBTx	Cortex-M4	DIE469	256	128	1
STM32G414MCTx	Cortex-M4	DIE469	256	256	1
STM32G414RBTx	Cortex-M4	DIE469	256	128	1
STM32G414RCTx	Cortex-M4	DIE469	256	256	1
STM32G414VBTx	Cortex-M4	DIE469	256	128	1
STM32G414VCTx	Cortex-M4	DIE469	256	256	1
STM32G431C6Tx	Cortex-M4	DIE468	32	32	1
STM32G431C6Ux	Cortex-M4	DIE468	32	32	1
STM32G431C8Tx	Cortex-M4	DIE468	32	64	1
STM32G431C8Ux	Cortex-M4	DIE468	32	64	1
STM32G431CBTx	Cortex-M4	DIE468	32	128	1
STM32G431CBTxZ	Cortex-M4	DIE468	32	128	1
STM32G431CBUx	Cortex-M4	DIE468	32	128	1
STM32G431CBYx	Cortex-M4	DIE468	32	128	1
STM32G431K6Tx	Cortex-M4	DIE468	32	32	1
STM32G431K6Ux	Cortex-M4	DIE468	32	32	1
STM32G431K8Tx	Cortex-M4	DIE468	32	64	1
STM32G431K8Ux	Cortex-M4	DIE468	32	64	1
STM32G431KBTx	Cortex-M4	DIE468	32	128	1
STM32G431KBUx	Cortex-M4	DIE468	32	128	1
STM32G431M6Tx	Cortex-M4	DIE468	32	32	1
STM32G431M8Tx	Cortex-M4	DIE468	32	64	1
STM32G431MBTx	Cortex-M4	DIE468	32	128	1
STM32G431R6Ix	Cortex-M4	DIE468	32	32	1
STM32G431R6Tx	Cortex-M4	DIE468	32	32	1
STM32G431R8Ix	Cortex-M4	DIE468	32	64	1
STM32G431R8Tx	Cortex-M4	DIE468	32	64	1
STM32G431RBIx	Cortex-M4	DIE468	32	128	1
STM32G431RBTx	Cortex-M4	DIE468	32	128	1
STM32G431RBTxZ	Cortex-M4	DIE468	32	128	1
STM32G431V6Tx	Cortex-M4	DIE468	32	32	1
STM32G431V8Tx	Cortex-M4	DIE468	32	64	1
STM32G431VBTx	Cortex-M4	DIE468	32	128	1
STM32G441CBTx	Cortex-M4	DIE468	32	128	1
STM32G441CBUx	Cortex-M4	DIE468	32	128	1
STM32G441CBYx	Cortex-M4	DIE468	32	128	1
STM32G441KBTx	Cortex-M4	DIE468	32	128	1
STM32G441KBUx	Cortex-M4	DIE468	32	128	1
STM32G441MBTx	Cortex-M4	DIE468	32	128	1
STM32G441RBIx	Cortex-M4	DIE468	32	128	1
STM32G441RBTx	Cortex-M4	DIE468	32	128	1
STM32G441VBTx	Cortex-M4	DIE468	32	128	1
STM32G471CCTx	Cortex-M4	DIE469	128	256	1
STM32G471CCUx	Cortex-M4	DIE469	128	256	1
STM32G471CETx	Cortex-M4	DIE469	128	512	1
STM32G471CEUx	Cortex-M4	DIE469	128	512	1
STM32G471MCTx	Cortex-M4	DIE469	128	256	1
STM32G471METx	Cortex-M4	DIE469	128	512	1
STM32G471MEYx	Cortex-M4	DIE469	128	512	1
STM32G471QCTx	Cortex-M4	DIE469	128	256	1
STM32G471QETx	Cortex-M4	DIE469	128	512	1
STM32G471RCTx	Cortex-M4	DIE469	128	256	1
STM32G471RETx	Cortex-M4	DIE469	128	512	1
STM32G471VCHx	Cortex-M4	DIE469	128	256	1
STM32G471VCIx	Cortex-M4	DIE469	128	256	1
STM32G471VCTx	Cortex-M4	DIE469	128	256	1
STM32G471VEHx	Cortex-M4	DIE469	128	512	1
STM32G471VEIx	Cortex-M4	DIE469	128	512	1
STM32G471VETx	Cortex-M4	DIE469	128	512	1
STM32G473CBTx	Cortex-M4	DIE469	128	128	1
STM32G473CBUx	Cortex-M4	DIE469	128	128	1
STM32G473CCTx	Cortex-M4	DIE469	128	256	1
STM32G473CCUx	Cortex-M4	DIE469	128	256	1
STM32G473CETx	Cortex-M4	DIE469	128	512	1
STM32G473CEUx	Cortex-M4	DIE469	128	512	1
STM32G473MBTx	Cortex-M4	DIE469	128	128	1
STM32G473MCTx	Cortex-M4	DIE469	128	256	1
STM32G473METx	Cortex-M4	DIE469	128	512	1
STM32G473MEYx	Cortex-M4	DIE469	128	512	1
STM32G473PBIx	Cortex-M4	DIE469	128	128	1
STM32G473PCIx	Cortex-M4	DIE469	128	256	1
STM32G473PEIx	Cortex-M4	DIE469	128	512	1
STM32G473QBTx	Cortex-M4	DIE469	128	128	1
STM32G473QCTx	Cortex-M4	DIE469	128	256	1
STM32G473QETx	Cortex-M4	DIE469	128	512	1
STM32G473QETxZ	Cortex-M4	DIE469	128	512	1
STM32G473RBTx	Cortex-M4	DIE469	128	128	1
STM32G473RCTx	Cortex-M4	DIE469	128	256	1
STM32G473RETx	Cortex-M4	DIE469	128	512	1
STM32G473RETxZ	Cortex-M4	DIE469	128	512	1
STM32G473VBHx	Cortex-M4	DIE469	128	128	1
STM32G473VBTx	Cortex-M4	DIE469	128	128	1
STM32G473VCHx	Cortex-M4	DIE469	128	256	1
STM32G473VCTx	Cortex-M4	DIE469	128	256	1
STM32G473VEHx	Cortex-M4	DIE469	128	512	1
STM32G473VETx	Cortex-M4	DIE469	128	512	1
STM32G474CBTx	Cortex-M4	DIE469	128	128	1
STM32G474CBUx	Cortex-M4	DIE469	128	128	1
STM32G474CCTx	Cortex-M4	DIE469	128	256	1
STM32G474CCUx	Cortex-M4	DIE469	128	256	1
STM32G474CETx	Cortex-M4	DIE469	128	512	1
STM32G474CEUx	Cortex-M4	DIE469	128	512	1
STM32G474MBTx	Cortex-M4	DIE469	128	128	1
STM32G474MCTx	Cortex-M4	DIE469	128	256	1
STM32G474METx	Cortex-M4	DIE469	128	512	1
STM32G474MEYx	Cortex-M4	DIE469	128	512	1
STM32G474PBIx	Cortex-M4	DIE469	128	128	1
STM32G474PCIx	Cortex-M4	DIE469	128	256	1
STM32G474PEIx	Cortex-M4	DIE469	128	512	1
STM32G474QBTx	Cortex-M4	DIE469	128	128	1
STM32G474QCTx	Cortex-M4	DIE469	128	256	1
STM32G474QETx	Cortex-M4	DIE469	128	512	1
STM32G474RBTx	Cortex-M4	DIE469	128	128	1
STM32G474RCTx	Cortex-M4	DIE469	128	256	1
STM32G474RETx	Cortex-M4	DIE469	128	512	1
STM32G474VBHx	Cortex-M4	DIE469	128	128	1
STM32G474VBTx	Cortex-M4	DIE469	128	128	1
STM32G474VCHx	Cortex-M4	DIE469	128	256	1
STM32G474VCTx	Cortex-M4	DIE469	128	256	1
STM32G474VEHx	Cortex-M4	DIE469	128	512	1
STM32G474VETx	Cortex-M4	DIE469	128	512	1
STM32G483CETx	Cortex-M4	DIE469	128	512	1
STM32G483CEUx	Cortex-M4	DIE469	128	512	1
STM32G483METx	Cortex-M4	DIE469	128	512	1
STM32G483MEYx	Cortex-M4	DIE469	128	512	1
STM32G483PEIx	Cortex-M4	DIE469	128	512	1
STM32G483QETx	Cortex-M4	DIE469	128	512	1
STM32G483RETx	Cortex-M4	DIE469	128	512	1
STM32G483VEHx	Cortex-M4	DIE469	128	512	1
STM32G483VETx	Cortex-M4	DIE469	128	512	1
STM32G484CETx	Cortex-M4	DIE469	128	512	1
STM32G484CEUx	Cortex-M4	DIE469	128	512	1
STM32G484METx	Cortex-M4	DIE469	128	512	1
STM32G484MEYx	Cortex-M4	DIE469	128	512	1
STM32G484PEIx	Cortex-M4	DIE469	128	512	1
STM32G484QETx	Cortex-M4	DIE469	128	512	1
STM32G484RETx	Cortex-M4	DIE469	128	512	1
STM32G484VEHx	Cortex-M4	DIE469	128	512	1
STM32G484VETx	Cortex-M4	DIE469	128	512	1
STM32G491CCTx	Cortex-M4	DIE479	128	256	1
STM32G491CCUx	Cortex-M4	DIE479	128	256	1
STM32G491CETx	Cortex-M4	DIE479	128	512	1
STM32G491CEUx	Cortex-M4	DIE479	128	512	1
STM32G491KCUx	Cortex-M4	DIE479	128	256	1
STM32G491KEUx	Cortex-M4	DIE479	128	512	1
STM32G491MCSx	Cortex-M4	DIE479	128	256	1
STM32G491MCTx	Cortex-M4	DIE479	128	256	1
STM32G491MESx	Cortex-M4	DIE479	128	512	1
STM32G491METx	Cortex-M4	DIE479	128	512	1
STM32G491RCIx	Cortex-M4	DIE479	128	256	1
STM32G491RCTx	Cortex-M4	DIE479	128	256	1
STM32G491REIx	Cortex-M4	DIE479	128	512	1
STM32G491RETx	Cortex-M4	DIE479	128	512	1
STM32G491RETxZ	Cortex-M4	DIE479	112	512	1
STM32G491REYx	Cortex-M4	DIE479	128	512	1
STM32G491VCTx	Cortex-M4	DIE479	128	256	1
STM32G491VETx	Cortex-M4	DIE479	128	512	1
STM32G4A1CETx	Cortex-M4	DIE479	128	512	1
STM32G4A1CEUx	Cortex-M4	DIE479	128	512	1
STM32G4A1KEUx	Cortex-M4	DIE479	128	512	1
STM32G4A1MESx	Cortex-M4	DIE479	128	512	1
STM32G4A1METx	Cortex-M4	DIE479	128	512	1
STM32G4A1REIx	Cortex-M4	DIE479	128	512	1
STM32G4A1RETx	Cortex-M4	DIE479	128	512	1
STM32G4A1REYx	Cortex-M4	DIE479	128	512	1
STM32G4A1VETx	Cortex-M4	DIE479	128	512	1
STM32H503CBTx	Cortex-M33	DIE474	32	128	1
STM32H503CBUx	Cortex-M33	DIE474	32	128	1
STM32H503EBYx	Cortex-M33	DIE474	32	128	1
STM32H503KBUx	Cortex-M33	DIE474	32	128	1
STM32H503RBTx	Cortex-M33	DIE474	32	128	1
STM32H523CCTx	Cortex-M33	DIE478	272	256	1
STM32H523CCUx	Cortex-M33	DIE478	272	256	1
STM32H523CETx	Cortex-M33	DIE478	272	512	1
STM32H523CEUx	Cortex-M33	DIE478	272	512	1
STM32H523HEYx	Cortex-M33	DIE478	272	512	1
STM32H523RCTx	Cortex-M33	DIE478	272	256	1
STM32H523RETx	Cortex-M33	DIE478	272	512	1
STM32H523VCIx	Cortex-M33	DIE478	272	256	1
STM32H523VCTx	Cortex-M33	DIE478	272	256	1
STM32H523VEIx	Cortex-M33	DIE478	272	512	1
STM32H523VETx	Cortex-M33	DIE478	272	512	1
STM32H523ZCJx	Cortex-M33	DIE478	272	256	1
STM32H523ZCTx	Cortex-M33	DIE478	272	256	1
STM32H523ZEJx	Cortex-M33	DIE478	272	512	1
STM32H523ZETx	Cortex-M33	DIE478	272	512	1
STM32H533CETx	Cortex-M33	DIE478	272	512	1
STM32H533CEUx	Cortex-M33	DIE478	272	512	1
STM32H533HEYx	Cortex-M33	DIE478	272	512	1
STM32H533RETx	Cortex-M33	DIE478	272	512	1
STM32H533VEIx	Cortex-M33	DIE478	272	512	1
STM32H533VETx	Cortex-M33	DIE478	272	512	1
STM32H533ZEJx	Cortex-M33	DIE478	272	512	1
STM32H533ZETx	Cortex-M33	DIE478	272	512	1
STM32H543CETx	Cortex-M33	DIE47C	304	512	1
STM32H543CEUx	Cortex-M33	DIE47C	304	512	1
STM32H543CGTx	Cortex-M33	DIE47C	304	1024	1
STM32H543CGUx	Cortex-M33	DIE47C	304	1024	1
STM32H543RETx	Cortex-M33	DIE47C	304	512	1
STM32H543RGTx	Cortex-M33	DIE47C	304	1024	1
STM32H543UGYx	Cortex-M33	DIE47C	304	1024	1
STM32H543VEIx	Cortex-M33	DIE47C	304	512	1
STM32H543VETx	Cortex-M33	DIE47C	304	512	1
STM32H543VEZx	Cortex-M33	DIE47C	304	512	1
STM32H543VGIx	Cortex-M33	DIE47C	304	1024	1
STM32H543VGTx	Cortex-M33	DIE47C	304	1024	1
STM32H543VGZx	Cortex-M33	DIE47C	304	1024	1
STM32H543ZEJx	Cortex-M33	DIE47C	304	512	1
STM32H543ZETx	Cortex-M33	DIE47C	304	512	1
STM32H543ZEZx	Cortex-M33	DIE47C	304	512	1
STM32H543ZGJx	Cortex-M33	DIE47C	304	1024	1
STM32H543ZGTx	Cortex-M33	DIE47C	304	1024	1
STM32H543ZGZx	Cortex-M33	DIE47C	304	1024	1
STM32H553CGTx	Cortex-M33	DIE47C	304	1024	1
STM32H553CGUx	Cortex-M33	DIE47C	304	1024	1
STM32H553RGTx	Cortex-M33	DIE47C	304	1024	1
STM32H553UGYx	Cortex-M33	DIE47C	304	1024	1
STM32H553VGIx	Cortex-M33	DIE47C	304	1024	1
STM32H553VGTx	Cortex-M33	DIE47C	304	1024	1
STM32H553VGZx	Cortex-M33	DIE47C	304	1024	1
STM32H553ZGJx	Cortex-M33	DIE47C	304	1024	1
STM32H553ZGTx	Cortex-M33	DIE47C	304	1024	1
STM32H553ZGZx	Cortex-M33	DIE47C	304	1024	1
STM32H562AGIx	Cortex-M33	DIE484	640	1024	1
STM32H562AIIx	Cortex-M33	DIE484	640	2048	1
STM32H562IGKx	Cortex-M33	DIE484	640	1024	1
STM32H562IGTx	Cortex-M33	DIE484	640	1024	1
STM32H562IIKx	Cortex-M33	DIE484	640	2048	1
STM32H562IITx	Cortex-M33	DIE484	640	2048	1
STM32H562RGTx	Cortex-M33	DIE484	640	1024	1
STM32H562RGVx	Cortex-M33	DIE484	640	1024	1
STM32H562RITx	Cortex-M33	DIE484	640	2048	1
STM32H562RIVx	Cortex-M33	DIE484	640	2048	1
STM32H562VGTx	Cortex-M33	DIE484	640	1024	1
STM32H562VITx	Cortex-M33	DIE484	640	2048	1
STM32H562ZGTx	Cortex-M33	DIE484	640	1024	1
STM32H562ZITx	Cortex-M33	DIE484	640	2048	1
STM32H563AGIx	Cortex-M33	DIE484	640	1024	1
STM32H563AIIx	Cortex-M33	DIE484	640	2048	1
STM32H563AIIxQ	Cortex-M33	DIE484	640	2048	1
STM32H563IGKx	Cortex-M33	DIE484	640	1024	1
STM32H563IGTx	Cortex-M33	DIE484	640	1024	1
STM32H563IIKx	Cortex-M33	DIE484	640	2048	1
STM32H563IIKxQ	Cortex-M33	DIE484	640	2048	1
STM32H563IITx	Cortex-M33	DIE484	640	2048	1
STM32H563IITxQ	Cortex-M33	DIE484	640	2048	1
STM32H563LIHxQ	Cortex-M33	DIE484	640	2048	1
STM32H563MIYxQ	Cortex-M33	DIE484	640	2048	1
STM32H563RGTx	Cortex-M33	DIE484	640	1024	1
STM32H563RGVx	Cortex-M33	DIE484	640	1024	1
STM32H563RITx	Cortex-M33	DIE484	640	2048	1
STM32H563RIVx	Cortex-M33	DIE484	640	2048	1
STM32H563VGTx	Cortex-M33	DIE484	640	1024	1
STM32H563VITx	Cortex-M33	DIE484	640	2048	1
STM32H563VITxQ	Cortex-M33	DIE484	640	2048	1
STM32H563ZGTx	Cortex-M33	DIE484	640	1024	1
STM32H563ZITx	Cortex-M33	DIE484	640	2048	1
STM32H563ZITxQ	Cortex-M33	DIE484	640	2048	1
STM32H573AIIx	Cortex-M33	DIE484	640	2048	1
STM32H573AIIxQ	Cortex-M33	DIE484	640	2048	1
STM32H573IIKx	Cortex-M33	DIE484	640	2048	1
STM32H573IIKxQ	Cortex-M33	DIE484	640	2048	1
STM32H573IITx	Cortex-M33	DIE484	640	2048	1
STM32H573IITxQ	Cortex-M33	DIE484	640	2048	1
STM32H573LIHxQ	Cortex-M33	DIE484	640	2048	1
STM32H573MIYxQ	Cortex-M33	DIE484	640	2048	1
STM32H573RITx	Cortex-M33	DIE484	640	2048	1
STM32H573RIVx	Cortex-M33	DIE484	640	2048	1
STM32H573VITx	Cortex-M33	DIE484	640	2048	1
STM32H573VITxQ	Cortex-M33	DIE484	640	2048	1
STM32H573ZITx	Cortex-M33	DIE484	640	2048	1
STM32H573ZITxQ	Cortex-M33	DIE484	640	2048	1
STM32H5E4AJIx	Cortex-M33	DIE47A	1536	4096	1
STM32H5E4AJIxQ	Cortex-M33	DIE47A	1536	4096	1
STM32H5E4IJKx	Cortex-M33	DIE47A	1536	4096	1
STM32H5E4IJKxQ	Cortex-M33	DIE47A	1536	4096	1
STM32H5E4IJTx	Cortex-M33	DIE47A	1536	4096	1
STM32H5E4IJTxQ	Cortex-M33	DIE47A	1536	4096	1
STM32H5E4VJTx	Cortex-M33	DIE47A	1536	4096	1
STM32H5E4VJTxQ	Cortex-M33	DIE47A	1536	4096	1
STM32H5E4ZJJx	Cortex-M33	DIE47A	1536	4096	1
STM32H5E4ZJJxQ	Cortex-M33	DIE47A	1536	4096	1
STM32H5E4ZJTx	Cortex-M33	DIE47A	1536	4096	1
STM32H5E4ZJTxQ	Cortex-M33	DIE47A	1536	4096	1
STM32H5E5IJKxQ	Cortex-M33	DIE47A	1536	4096	1
STM32H5E5IJTxQ	Cortex-M33	DIE47A	1536	4096	1
STM32H5E5LJHxQ	Cortex-M33	DIE47A	1536	4096	1
STM32H5E5VJYxQ	Cortex-M33	DIE47A	1536	4096	1
STM32H5E5ZJTx	Cortex-M33	DIE47A	1536	4096	1
STM32H5F4AJIx	Cortex-M33	DIE47A	1536	4096	1
STM32H5F4AJIxQ	Cortex-M33	DIE47A	1536	4096	1
STM32H5F4IJKx	Cortex-M33	DIE47A	1536	4096	1
STM32H5F4IJKxQ	Cortex-M33	DIE47A	1536	4096	1
STM32H5F4IJTx	Cortex-M33	DIE47A	1536	4096	1
STM32H5F4IJTxQ	Cortex-M33	DIE47A	1536	4096	1
STM32H5F4VJTx	Cortex-M33	DIE47A	1536	4096	1
STM32H5F4VJTxQ	Cortex-M33	DIE47A	1536	4096	1
STM32H5F4ZJJx	Cortex-M33	DIE47A	1536	4096	1
STM32H5F4ZJJxQ	Cortex-M33	DIE47A	1536	4096	1
STM32H5F4ZJTx	Cortex-M33	DIE47A	1536	4096	1
STM32H5F4ZJTxQ	Cortex-M33	DIE47A	1536	4096	1
STM32H5F5IJKxQ	Cortex-M33	DIE47A	1536	4096	1
STM32H5F5IJTxQ	Cortex-M33	DIE47A	1536	4096	1
STM32H5F5LJHxQ	Cortex-M33	DIE47A	1536	4096	1
STM32H5F5VJYxQ	Cortex-M33	DIE47A	1536	4096	1
STM32H5F5ZJTx	Cortex-M33	DIE47A	1536	4096	1
STM32H723VEHx	Cortex-M7	DIE483	564	512	1
STM32H723VETx	Cortex-M7	DIE483	564	512	1
STM32H723VGHx	Cortex-M7	DIE483	564	1024	1
STM32H723VGTx	Cortex-M7	DIE483	564	1024	1
STM32H723ZEIx	Cortex-M7	DIE483	564	512	1
STM32H723ZETx	Cortex-M7	DIE483	564	512	1
STM32H723ZGIx	Cortex-M7	DIE483	564	1024	1
STM32H723ZGTx	Cortex-M7	DIE483	564	1024	1
STM32H725AEIx	Cortex-M7	DIE483	564	512	1
STM32H725AGIx	Cortex-M7	DIE483	564	1024	1
STM32H725IEKx	Cortex-M7	DIE483	564	512	1
STM32H725IETx	Cortex-M7	DIE483	564	512	1
STM32H725IGKx	Cortex-M7	DIE483	564	1024	1
STM32H725IGTx	Cortex-M7	DIE483	564	1024	1
STM32H725REVx	Cortex-M7	DIE483	564	512	1
STM32H725RGVx	Cortex-M7	DIE483	564	1024	1
STM32H725VEHx	Cortex-M7	DIE483	564	512	1
STM32H725VETx	Cortex-M7	DIE483	564	512	1
STM32H725VGHx	Cortex-M7	DIE483	564	1024	1
STM32H725VGTx	Cortex-M7	DIE483	564	1024	1
STM32H725VGYx	Cortex-M7	DIE483	564	1024	1
STM32H725ZETx	Cortex-M7	DIE483	564	512	1
STM32H725ZGTx	Cortex-M7	DIE483	564	1024	1
STM32H730ABIxQ	Cortex-M7	DIE483	564	128	1
STM32H730IBKxQ	Cortex-M7	DIE483	564	128	1
STM32H730IBTxQ	Cortex-M7	DIE483	564	128	1
STM32H730VBHx	Cortex-M7	DIE483	564	128	1
STM32H730VBTx	Cortex-M7	DIE483	564	128	1
STM32H730ZBIx	Cortex-M7	DIE483	564	128	1
STM32H730ZBTx	Cortex-M7	DIE483	564	128	1
STM32H733VGHx	Cortex-M7	DIE483	564	1024	1
STM32H733VGTx	Cortex-M7	DIE483	564	1024	1
STM32H733ZGIx	Cortex-M7	DIE483	564	1024	1
STM32H733ZGTx	Cortex-M7	DIE483	564	1024	1
STM32H735AGIx	Cortex-M7	DIE483	564	1024	1
STM32H735IGKx	Cortex-M7	DIE483	564	1024	1
STM32H735IGTx	Cortex-M7	DIE483	564	1024	1
STM32H735RGVx	Cortex-M7	DIE483	564	1024	1
STM32H735VGHx	Cortex-M7	DIE483	564	1024	1
STM32H735VGTx	Cortex-M7	DIE483	564	1024	1
STM32H735VGYx	Cortex-M7	DIE483	564	1024	1
STM32H735ZGTx	Cortex-M7	DIE483	564	1024	1
STM32H742AGIx	Cortex-M7	DIE450	864	1024	1
STM32H742AIIx	Cortex-M7	DIE450	864	2048	1
STM32H742BGTx	Cortex-M7	DIE450	864	1024	1
STM32H742BITx	Cortex-M7	DIE450	864	2048	1
STM32H742IGKx	Cortex-M7	DIE450	864	1024	1
STM32H742IGTx	Cortex-M7	DIE450	864	1024	1
STM32H742IIKx	Cortex-M7	DIE450	864	2048	1
STM32H742IITx	Cortex-M7	DIE450	864	2048	1
STM32H742VGHx	Cortex-M7	DIE450	864	1024	1
STM32H742VGTx	Cortex-M7	DIE450	864	1024	1
STM32H742VIHx	Cortex-M7	DIE450	864	2048	1
STM32H742VITx	Cortex-M7	DIE450	864	2048	1
STM32H742XGHx	Cortex-M7	DIE450	864	1024	1
STM32H742XIHx	Cortex-M7	DIE450	864	2048	1
STM32H742ZGTx	Cortex-M7	DIE450	864	1024	1
STM32H742ZITx	Cortex-M7	DIE450	864	2048	1
STM32H743AGIx	Cortex-M7	DIE450	864	1024	1
STM32H743AIIx	Cortex-M7	DIE450	864	2048	1
STM32H743BGTx	Cortex-M7	DIE450	864	1024	1
STM32H743BITx	Cortex-M7	DIE450	864	2048	1
STM32H743IGKx	Cortex-M7	DIE450	864	1024	1
STM32H743IGTx	Cortex-M7	DIE450	864	1024	1
STM32H743IIKx	Cortex-M7	DIE450	864	2048	1
STM32H743IITx	Cortex-M7	DIE450	864	2048	1
STM32H743VGHx	Cortex-M7	DIE450	864	1024	1
STM32H743VGTx	Cortex-M7	DIE450	864	1024	1
STM32H743VIHx	Cortex-M7	DIE450	864	2048	1
STM32H743VITx	Cortex-M7	DIE450	864	2048	1
STM32H743XGHx	Cortex-M7	DIE450	864	1024	1
STM32H743XIHx	Cortex-M7	DIE450	864	2048	1
STM32H743ZGTx	Cortex-M7	DIE450	864	1024	1
STM32H743ZITx	Cortex-M7	DIE450	864	2048	1
STM32H745BGTx	Cortex-M7	DIE450	864	1024	2
STM32H745BITx	Cortex-M7	DIE450	864	2048	2
STM32H745IGKx	Cortex-M7	DIE450	864	1024	2
STM32H745IGTx	Cortex-M7	DIE450	864	1024	2
STM32H745IIKx	Cortex-M7	DIE450	864	2048	2
STM32H745IITx	Cortex-M7	DIE450	864	2048	2
STM32H745XGHx	Cortex-M7	DIE450	864	1024	2
STM32H745XIHx	Cortex-M7	DIE450	864	2048	2
STM32H745ZGTx	Cortex-M7	DIE450	864	1024	2
STM32H745ZITx	Cortex-M7	DIE450	864	2048	2
STM32H747AGIx	Cortex-M7	DIE450	864	1024	2
STM32H747AIIx	Cortex-M7	DIE450	864	2048	2
STM32H747BGTx	Cortex-M7	DIE450	864	1024	2
STM32H747BITx	Cortex-M7	DIE450	864	2048	2
STM32H747IGTx	Cortex-M7	DIE450	864	1024	2
STM32H747IITx	Cortex-M7	DIE450	864	2048	2
STM32H747XGHx	Cortex-M7	DIE450	864	1024	2
STM32H747XIHx	Cortex-M7	DIE450	864	2048	2
STM32H747ZIYx	Cortex-M7	DIE450	864	2048	2
STM32H750IBKx	Cortex-M7	DIE450	864	128	1
STM32H750IBTx	Cortex-M7	DIE450	864	128	1
STM32H750VBTx	Cortex-M7	DIE450	864	128	1
STM32H750XBHx	Cortex-M7	DIE450	864	128	1
STM32H750ZBTx	Cortex-M7	DIE450	864	128	1
STM32H753AIIx	Cortex-M7	DIE450	864	2048	1
STM32H753BITx	Cortex-M7	DIE450	864	2048	1
STM32H753IIKx	Cortex-M7	DIE450	864	2048	1
STM32H753IITx	Cortex-M7	DIE450	864	2048	1
STM32H753VIHx	Cortex-M7	DIE450	864	2048	1
STM32H753VITx	Cortex-M7	DIE450	864	2048	1
STM32H753XIHx	Cortex-M7	DIE450	864	2048	1
STM32H753ZITx	Cortex-M7	DIE450	864	2048	1
STM32H755BITx	Cortex-M7	DIE450	864	2048	2
STM32H755IIKx	Cortex-M7	DIE450	864	2048	2
STM32H755IITx	Cortex-M7	DIE450	864	2048	2
STM32H755XIHx	Cortex-M7	DIE450	864	2048	2
STM32H755ZITx	Cortex-M7	DIE450	864	2048	2
STM32H757AIIx	Cortex-M7	DIE450	864	2048	2
STM32H757BITx	Cortex-M7	DIE450	864	2048	2
STM32H757IITx	Cortex-M7	DIE450	864	2048	2
STM32H757XIHx	Cortex-M7	DIE450	864	2048	2
STM32H757ZIYx	Cortex-M7	DIE450	864	2048	2
STM32H7A3AGIxQ	Cortex-M7	DIE480	1424	1024	1
STM32H7A3AIIxQ	Cortex-M7	DIE480	1424	2048	1
STM32H7A3IGKx	Cortex-M7	DIE480	1424	1024	1
STM32H7A3IGKxQ	Cortex-M7	DIE480	1424	1024	1
STM32H7A3IGTx	Cortex-M7	DIE480	1424	1024	1
STM32H7A3IGTxQ	Cortex-M7	DIE480	1424	1024	1
STM32H7A3IIKx	Cortex-M7	DIE480	1424	2048	1
STM32H7A3IIKxQ	Cortex-M7	DIE480	1424	2048	1
STM32H7A3IITx	Cortex-M7	DIE480	1424	2048	1
STM32H7A3IITxQ	Cortex-M7	DIE480	1424	2048	1
STM32H7A3LGHxQ	Cortex-M7	DIE480	1424	1024	1
STM32H7A3LIHxQ	Cortex-M7	DIE480	1424	2048	1
STM32H7A3NGHx	Cortex-M7	DIE480	1424	1024	1
STM32H7A3NIHx	Cortex-M7	DIE480	1424	2048	1
STM32H7A3QIYxQ	Cortex-M7	DIE480	1424	2048	1
STM32H7A3RGTx	Cortex-M7	DIE480	1424	1024	1
STM32H7A3RITx	Cortex-M7	DIE480	1424	2048	1
STM32H7A3VGHx	Cortex-M7	DIE480	1424	1024	1
STM32H7A3VGHxQ	Cortex-M7	DIE480	1424	1024	1
STM32H7A3VGTx	Cortex-M7	DIE480	1424	1024	1
STM32H7A3VGTxQ	Cortex-M7	DIE480	1424	1024	1
STM32H7A3VIHx	Cortex-M7	DIE480	1424	2048	1
STM32H7A3VIHxQ	Cortex-M7	DIE480	1424	2048	1
STM32H7A3VITx	Cortex-M7	DIE480	1424	2048	1
STM32H7A3VITxQ	Cortex-M7	DIE480	1424	2048	1
STM32H7A3ZGTx	Cortex-M7	DIE480	1424	1024	1
STM32H7A3ZGTxQ	Cortex-M7	DIE480	1424	1024	1
STM32H7A3ZITx	Cortex-M7	DIE480	1424	2048	1
STM32H7A3ZITxQ	Cortex-M7	DIE480	1424	2048	1
STM32H7B0ABIxQ	Cortex-M7	DIE480	1424	128	1
STM32H7B0IBKxQ	Cortex-M7	DIE480	1424	128	1
STM32H7B0IBTx	Cortex-M7	DIE480	1424	128	1
STM32H7B0RBTx	Cortex-M7	DIE480	1424	128	1
STM32H7B0VBTx	Cortex-M7	DIE480	1424	128	1
STM32H7B0ZBTx	Cortex-M7	DIE480	1424	128	1
STM32H7B3AIIxQ	Cortex-M7	DIE480	1424	2048	1
STM32H7B3IIKx	Cortex-M7	DIE480	1424	2048	1
STM32H7B3IIKxQ	Cortex-M7	DIE480	1424	2048	1
STM32H7B3IITx	Cortex-M7	DIE480	1424	2048	1
STM32H7B3IITxQ	Cortex-M7	DIE480	1424	2048	1
STM32H7B3LIHxQ	Cortex-M7	DIE480	1424	2048	1
STM32H7B3NIHx	Cortex-M7	DIE480	1424	2048	1
STM32H7B3QIYxQ	Cortex-M7	DIE480	1424	2048	1
STM32H7B3RITx	Cortex-M7	DIE480	1424	2048	1
STM32H7B3VIHx	Cortex-M7	DIE480	1424	2048	1
STM32H7B3VIHxQ	Cortex-M7	DIE480	1424	2048	1
STM32H7B3VITx	Cortex-M7	DIE480	1424	2048	1
STM32H7B3VITxQ	Cortex-M7	DIE480	1424	2048	1
STM32H7B3ZITx	Cortex-M7	DIE480	1424	2048	1
STM32H7B3ZITxQ	Cortex-M7	DIE480	1424	2048	1
STM32H7R3A8Ix	Cortex-M7	DIE485	620	64	1
STM32H7R3I8Kx	Cortex-M7	DIE485	620	64	1
STM32H7R3I8Tx	Cortex-M7	DIE485	620	64	1
STM32H7R3L8Hx	Cortex-M7	DIE485	620	64	1
STM32H7R3L8HxH	Cortex-M7	DIE485	620	64	1
STM32H7R3R8Vx	Cortex-M7	DIE485	620	64	1
STM32H7R3V8Hx	Cortex-M7	DIE485	620	64	1
STM32H7R3V8Tx	Cortex-M7	DIE485	620	64	1
STM32H7R3V8Yx	Cortex-M7	DIE485	620	64	1
STM32H7R3Z8Jx	Cortex-M7	DIE485	620	64	1
STM32H7R3Z8Tx	Cortex-M7	DIE485	620	64	1
STM32H7R7A8Ix	Cortex-M7	DIE485	620	64	1
STM32H7R7I8Kx	Cortex-M7	DIE485	620	64	1
STM32H7R7I8Tx	Cortex-M7	DIE485	620	64	1
STM32H7R7L8Hx	Cortex-M7	DIE485	620	64	1
STM32H7R7L8HxH	Cortex-M7	DIE485	620	64	1
STM32H7R7Z8Jx	Cortex-M7	DIE485	620	64	1
STM32H7S3A8Ix	Cortex-M7	DIE485	620	64	1
STM32H7S3I8Kx	Cortex-M7	DIE485	620	64	1
STM32H7S3I8Tx	Cortex-M7	DIE485	620	64	1
STM32H7S3L8Hx	Cortex-M7	DIE485	620	64	1
STM32H7S3L8HxH	Cortex-M7	DIE485	620	64	1
STM32H7S3R8Vx	Cortex-M7	DIE485	620	64	1
STM32H7S3V8Hx	Cortex-M7	DIE485	620	64	1
STM32H7S3V8Tx	Cortex-M7	DIE485	620	64	1
STM32H7S3V8Yx	Cortex-M7	DIE485	620	64	1
STM32H7S3Z8Jx	Cortex-M7	DIE485	620	64	1
STM32H7S3Z8Tx	Cortex-M7	DIE485	620	64	1
STM32H7S7A8Ix	Cortex-M7	DIE485	620	64	1
STM32H7S7I8Kx	Cortex-M7	DIE485	620	64	1
STM32H7S7I8Tx	Cortex-M7	DIE485	620	64	1
STM32H7S7L8Hx	Cortex-M7	DIE485	620	64	1
STM32H7S7L8HxH	Cortex-M7	DIE485	620	64	1
STM32H7S7Z8Jx	Cortex-M7	DIE485	620	64	1
STM32L010C6Tx	Cortex-M0plus	DIE425	8	32	1
STM32L010F4Px	Cortex-M0plus	DIE457	2	16	1
STM32L010K4Tx	Cortex-M0plus	DIE457	2	16	1
STM32L010K8Tx	Cortex-M0plus	DIE417	8	64	1
STM32L010R8Tx	Cortex-M0plus	DIE417	8	64	1
STM32L010RBTx	Cortex-M0plus	DIE447	20	128	1
STM32L011D3Px	Cortex-M0plus	DIE457	2	8	1
STM32L011D4Px	Cortex-M0plus	DIE457	2	16	1
STM32L011E3Yx	Cortex-M0plus	DIE457	2	8	1
STM32L011E4Yx	Cortex-M0plus	DIE457	2	16	1
STM32L011F3Px	Cortex-M0plus	DIE457	2	8	1
STM32L011F3Ux	Cortex-M0plus	DIE457	2	8	1
STM32L011F4Px	Cortex-M0plus	DIE457	2	16	1
STM32L011F4Ux	Cortex-M0plus	DIE457	2	16	1
STM32L011G3Ux	Cortex-M0plus	DIE457	2	8	1
STM32L011G4Ux	Cortex-M0plus	DIE457	2	16	1
STM32L011K3Tx	Cortex-M0plus	DIE457	2	8	1
STM32L011K3Ux	Cortex-M0plus	DIE457	2	8	1
STM32L011K4Tx	Cortex-M0plus	DIE457	2	16	1
STM32L011K4Ux	Cortex-M0plus	DIE457	2	16	1
STM32L021D4Px	Cortex-M0plus	DIE457	2	16	1
STM32L021F4Px	Cortex-M0plus	DIE457	2	16	1
STM32L021F4Ux	Cortex-M0plus	DIE457	2	16	1
STM32L021G4Ux	Cortex-M0plus	DIE457	2	16	1
STM32L021K4Tx	Cortex-M0plus	DIE457	2	16	1
STM32L021K4Ux	Cortex-M0plus	DIE457	2	16	1
STM32L031C4Tx	Cortex-M0plus	DIE425	8	16	1
STM32L031C4Ux	Cortex-M0plus	DIE425	8	16	1
STM32L031C6Tx	Cortex-M0plus	DIE425	8	32	1
STM32L031C6Ux	Cortex-M0plus	DIE425	8	32	1
STM32L031E4Yx	Cortex-M0plus	DIE425	8	16	1
STM32L031E6Yx	Cortex-M0plus	DIE425	8	32	1
STM32L031F4Px	Cortex-M0plus	DIE425	8	16	1
STM32L031F6Px	Cortex-M0plus	DIE425	8	32	1
STM32L031G4Ux	Cortex-M0plus	DIE425	8	16	1
STM32L031G6Ux	Cortex-M0plus	DIE425	8	32	1
STM32L031G6UxS	Cortex-M0plus	DIE425	8	32	1
STM32L031K4Tx	Cortex-M0plus	DIE425	8	16	1
STM32L031K4Ux	Cortex-M0plus	DIE425	8	16	1
STM32L031K6Tx	Cortex-M0plus	DIE425	8	32	1
STM32L031K6Ux	Cortex-M0plus	DIE425	8	32	1
STM32L041C4Tx	Cortex-M0plus	DIE425	8	16	1
STM32L041C6Tx	Cortex-M0plus	DIE425	8	32	1
STM32L041C6Ux	Cortex-M0plus	DIE425	8	32	1
STM32L041E6Yx	Cortex-M0plus	DIE425	8	32	1
STM32L041F6Px	Cortex-M0plus	DIE425	8	32	1
STM32L041G6Ux	Cortex-M0plus	DIE425	8	32	1
STM32L041G6UxS	Cortex-M0plus	DIE425	8	32	1
STM32L041K6Tx	Cortex-M0plus	DIE425	8	32	1
STM32L041K6Ux	Cortex-M0plus	DIE425	8	32	1
STM32L051C6Tx	Cortex-M0plus	DIE417	8	32	1
STM32L051C6Ux	Cortex-M0plus	DIE417	8	32	1
STM32L051C8Tx	Cortex-M0plus	DIE417	8	64	1
STM32L051C8Ux	Cortex-M0plus	DIE417	8	64	1
STM32L051K6Tx	Cortex-M0plus	DIE417	8	32	1
STM32L051K6Ux	Cortex-M0plus	DIE417	8	32	1
STM32L051K8Tx	Cortex-M0plus	DIE417	8	64	1
STM32L051K8Ux	Cortex-M0plus	DIE417	8	64	1
STM32L051R6Hx	Cortex-M0plus	DIE417	8	32	1
STM32L051R6Tx	Cortex-M0plus	DIE417	8	32	1
STM32L051R8Hx	Cortex-M0plus	DIE417	8	64	1
STM32L051R8Tx	Cortex-M0plus	DIE417	8	64	1
STM32L051T6Yx	Cortex-M0plus	DIE417	8	32	1
STM32L051T8Yx	Cortex-M0plus	DIE417	8	64	1
STM32L052C6Tx	Cortex-M0plus	DIE417	8	32	1
STM32L052C6Ux	Cortex-M0plus	DIE417	8	32	1
STM32L052C8Tx	Cortex-M0plus	DIE417	8	64	1
STM32L052C8Ux	Cortex-M0plus	DIE417	8	64	1
STM32L052K6Tx	Cortex-M0plus	DIE417	8	32	1
STM32L052K6Ux	Cortex-M0plus	DIE417	8	32	1
STM32L052K8Tx	Cortex-M0plus	DIE417	8	64	1
STM32L052K8Ux	Cortex-M0plus	DIE417	8	64	1
STM32L052R6Hx	Cortex-M0plus	DIE417	8	32	1
STM32L052R6Tx	Cortex-M0plus	DIE417	8	32	1
STM32L052R8Hx	Cortex-M0plus	DIE417	8	64	1
STM32L052R8Tx	Cortex-M0plus	DIE417	8	64	1
STM32L052T6Yx	Cortex-M0plus	DIE417	8	32	1
STM32L052T8Fx	Cortex-M0plus	DIE417	8	64	1
STM32L052T8Yx	Cortex-M0plus	DIE417	8	64	1
STM32L053C6Tx	Cortex-M0plus	DIE417	8	32	1
STM32L053C6Ux	Cortex-M0plus	DIE417	8	32	1
STM32L053C8Tx	Cortex-M0plus	DIE417	8	64	1
STM32L053C8Ux	Cortex-M0plus	DIE417	8	64	1
STM32L053R6Hx	Cortex-M0plus	DIE417	8	32	1
STM32L053R6Tx	Cortex-M0plus	DIE417	8	32	1
STM32L053R8Hx	Cortex-M0plus	DIE417	8	64	1
STM32L053R8Tx	Cortex-M0plus	DIE417	8	64	1
STM32L062C8Ux	Cortex-M0plus	DIE417	8	64	1
STM32L062K8Tx	Cortex-M0plus	DIE417	8	64	1
STM32L062K8Ux	Cortex-M0plus	DIE417	8	64	1
STM32L063C8Tx	Cortex-M0plus	DIE417	8	64	1
STM32L063C8Ux	Cortex-M0plus	DIE417	8	64	1
STM32L063R8Tx	Cortex-M0plus	DIE417	8	64	1
STM32L071C8Tx	Cortex-M0plus	DIE447	20	64	1
STM32L071C8Ux	Cortex-M0plus	DIE447	20	64	1
STM32L071CBTx	Cortex-M0plus	DIE447	20	128	1
STM32L071CBUx	Cortex-M0plus	DIE447	20	128	1
STM32L071CBYx	Cortex-M0plus	DIE447	20	128	1
STM32L071CZTx	Cortex-M0plus	DIE447	20	192	1
STM32L071CZUx	Cortex-M0plus	DIE447	20	192	1
STM32L071CZYx	Cortex-M0plus	DIE447	20	192	1
STM32L071K8Ux	Cortex-M0plus	DIE447	20	64	1
STM32L071KBTx	Cortex-M0plus	DIE447	20	128	1
STM32L071KBUx	Cortex-M0plus	DIE447	20	128	1
STM32L071KZTx	Cortex-M0plus	DIE447	20	192	1
STM32L071KZUx	Cortex-M0plus	DIE447	20	192	1
STM32L071RBHx	Cortex-M0plus	DIE447	20	128	1
STM32L071RBTx	Cortex-M0plus	DIE447	20	128	1
STM32L071RZHx	Cortex-M0plus	DIE447	20	192	1
STM32L071RZTx	Cortex-M0plus	DIE447	20	192	1
STM32L071V8Ix	Cortex-M0plus	DIE447	20	64	1
STM32L071V8Tx	Cortex-M0plus	DIE447	20	64	1
STM32L071VBIx	Cortex-M0plus	DIE447	20	128	1
STM32L071VBTx	Cortex-M0plus	DIE447	20	128	1
STM32L071VZIx	Cortex-M0plus	DIE447	20	192	1
STM32L071VZTx	Cortex-M0plus	DIE447	20	192	1
STM32L072CBTx	Cortex-M0plus	DIE447	20	128	1
STM32L072CBUx	Cortex-M0plus	DIE447	20	128	1
STM32L072CBYx	Cortex-M0plus	DIE447	20	128	1
STM32L072CZEx	Cortex-M0plus	DIE447	20	192	1
STM32L072CZTx	Cortex-M0plus	DIE447	20	192	1
STM32L072CZUx	Cortex-M0plus	DIE447	20	192	1
STM32L072CZYx	Cortex-M0plus	DIE447	20	192	1
STM32L072KBTx	Cortex-M0plus	DIE447	20	128	1
STM32L072KBUx	Cortex-M0plus	DIE447	20	128	1
STM32L072KZTx	Cortex-M0plus	DIE447	20	192	1
STM32L072KZUx	Cortex-M0plus	DIE447	20	192	1
STM32L072RBHx	Cortex-M0plus	DIE447	20	128	1
STM32L072RBIx	Cortex-M0plus	DIE447	20	128	1
STM32L072RBTx	Cortex-M0plus	DIE447	20	128	1
STM32L072RZHx	Cortex-M0plus	DIE447	20	192	1
STM32L072RZIx	Cortex-M0plus	DIE447	20	192	1
STM32L072RZTx	Cortex-M0plus	DIE447	20	192	1
STM32L072V8Ix	Cortex-M0plus	DIE447	20	64	1
STM32L072V8Tx	Cortex-M0plus	DIE447	20	64	1
STM32L072VBIx	Cortex-M0plus	DIE447	20	128	1
STM32L072VBTx	Cortex-M0plus	DIE447	20	128	1
STM32L072VZIx	Cortex-M0plus	DIE447	20	192	1
STM32L072VZTx	Cortex-M0plus	DIE447	20	192	1
STM32L073CBTx	Cortex-M0plus	DIE447	20	128	1
STM32L073CBUx	Cortex-M0plus	DIE447	20	128	1
STM32L073CZTx	Cortex-M0plus	DIE447	20	192	1
STM32L073CZUx	Cortex-M0plus	DIE447	20	192	1
STM32L073CZYx	Cortex-M0plus	DIE447	20	192	1
STM32L073RBHx	Cortex-M0plus	DIE447	20	128	1
STM32L073RBTx	Cortex-M0plus	DIE447	20	128	1
STM32L073RZHx	Cortex-M0plus	DIE447	20	192	1
STM32L073RZIx	Cortex-M0plus	DIE447	20	192	1
STM32L073RZTx	Cortex-M0plus	DIE447	20	192	1
STM32L073V8Ix	Cortex-M0plus	DIE447	20	64	1
STM32L073V8Tx	Cortex-M0plus	DIE447	20	64	1
STM32L073VBIx	Cortex-M0plus	DIE447	20	128	1
STM32L073VBTx	Cortex-M0plus	DIE447	20	128	1
STM32L073VZIx	Cortex-M0plus	DIE447	20	192	1
STM32L073VZTx	Cortex-M0plus	DIE447	20	192	1
STM32L081CBTx	Cortex-M0plus	DIE447	20	128	1
STM32L081CZTx	Cortex-M0plus	DIE447	20	192	1
STM32L081CZUx	Cortex-M0plus	DIE447	20	192	1
STM32L081KZTx	Cortex-M0plus	DIE447	20	192	1
STM32L081KZUx	Cortex-M0plus	DIE447	20	192	1
STM32L082CZUx	Cortex-M0plus	DIE447	20	192	1
STM32L082CZYx	Cortex-M0plus	DIE447	20	192	1
STM32L082KBTx	Cortex-M0plus	DIE447	20	128	1
STM32L082KBUx	Cortex-M0plus	DIE447	20	128	1
STM32L082KZTx	Cortex-M0plus	DIE447	20	192	1
STM32L082KZUx	Cortex-M0plus	DIE447	20	192	1
STM32L083CBTx	Cortex-M0plus	DIE447	20	128	1
STM32L083CZTx	Cortex-M0plus	DIE447	20	192	1
STM32L083CZUx	Cortex-M0plus	DIE447	20	192	1
STM32L083RBHx	Cortex-M0plus	DIE447	20	128	1
STM32L083RBTx	Cortex-M0plus	DIE447	20	128	1
STM32L083RZHx	Cortex-M0plus	DIE447	20	192	1
STM32L083RZTx	Cortex-M0plus	DIE447	20	192	1
STM32L083V8Ix	Cortex-M0plus	DIE447	20	64	1
STM32L083V8Tx	Cortex-M0plus	DIE447	20	64	1
STM32L083VBIx	Cortex-M0plus	DIE447	20	128	1
STM32L083VBTx	Cortex-M0plus	DIE447	20	128	1
STM32L083VZIx	Cortex-M0plus	DIE447	20	192	1
STM32L083VZTx	Cortex-M0plus	DIE447	20	192	1
STM32L100C6Ux	Cortex-M3	DIE416	4	32	1
STM32L100C6UxA	Cortex-M3	DIE429	10	32	1
STM32L100R8Tx	Cortex-M3	DIE416	8	64	1
STM32L100R8TxA	Cortex-M3	DIE429	10	64	1
STM32L100RBTx	Cortex-M3	DIE416	10	128	1
STM32L100RBTxA	Cortex-M3	DIE429	10	128	1
STM32L100RCTx	Cortex-M3	DIE427	16	256	1
STM32L151C6Tx	Cortex-M3	DIE416	10	32	1
STM32L151C6TxA	Cortex-M3	DIE429	16	32	1
STM32L151C6Ux	Cortex-M3	DIE416	10	32	1
STM32L151C6UxA	Cortex-M3	DIE429	16	32	1
STM32L151C8Tx	Cortex-M3	DIE416	10	64	1
STM32L151C8TxA	Cortex-M3	DIE429	32	64	1
STM32L151C8Ux	Cortex-M3	DIE416	10	64	1
STM32L151C8UxA	Cortex-M3	DIE429	32	64	1
STM32L151CBTx	Cortex-M3	DIE416	16	128	1
STM32L151CBTxA	Cortex-M3	DIE429	32	128	1
STM32L151CBUx	Cortex-M3	DIE416	16	128	1
STM32L151CBUxA	Cortex-M3	DIE429	32	128	1
STM32L151CCTx	Cortex-M3	DIE427	32	256	1
STM32L151CCUx	Cortex-M3	DIE427	32	256	1
STM32L151QCHx	Cortex-M3	DIE436	32	256	1
STM32L151QDHx	Cortex-M3	DIE436	48	384	1
STM32L151QEHx	Cortex-M3	DIE437	80	512	1
STM32L151R6Hx	Cortex-M3	DIE416	10	32	1
STM32L151R6HxA	Cortex-M3	DIE429	16	32	1
STM32L151R6Tx	Cortex-M3	DIE416	10	32	1
STM32L151R6TxA	Cortex-M3	DIE429	16	32	1
STM32L151R8Hx	Cortex-M3	DIE416	10	64	1
STM32L151R8HxA	Cortex-M3	DIE429	32	64	1
STM32L151R8Tx	Cortex-M3	DIE416	10	64	1
STM32L151R8TxA	Cortex-M3	DIE429	32	64	1
STM32L151RBHx	Cortex-M3	DIE416	16	128	1
STM32L151RBHxA	Cortex-M3	DIE429	32	128	1
STM32L151RBTx	Cortex-M3	DIE416	16	128	1
STM32L151RBTxA	Cortex-M3	DIE429	32	128	1
STM32L151RCTx	Cortex-M3	DIE427	32	256	1
STM32L151RCTxA	Cortex-M3	DIE436	32	256	1
STM32L151RCYx	Cortex-M3	DIE427	32	256	1
STM32L151RDTx	Cortex-M3	DIE436	48	384	1
STM32L151RDYx	Cortex-M3	DIE436	48	384	1
STM32L151RETx	Cortex-M3	DIE437	80	512	1
STM32L151UCYx	Cortex-M3	DIE427	32	256	1
STM32L151V8Hx	Cortex-M3	DIE416	10	64	1
STM32L151V8HxA	Cortex-M3	DIE429	32	64	1
STM32L151V8Tx	Cortex-M3	DIE416	10	64	1
STM32L151V8TxA	Cortex-M3	DIE429	32	64	1
STM32L151VBHx	Cortex-M3	DIE416	16	128	1
STM32L151VBHxA	Cortex-M3	DIE429	32	128	1
STM32L151VBTx	Cortex-M3	DIE416	16	128	1
STM32L151VBTxA	Cortex-M3	DIE429	32	128	1
STM32L151VCHx	Cortex-M3	DIE427	32	256	1
STM32L151VCTx	Cortex-M3	DIE427	32	256	1
STM32L151VCTxA	Cortex-M3	DIE436	32	256	1
STM32L151VDTx	Cortex-M3	DIE436	48	384	1
STM32L151VDTxX	Cortex-M3	DIE437	80	384	1
STM32L151VDYxX	Cortex-M3	DIE437	80	384	1
STM32L151VETx	Cortex-M3	DIE437	80	512	1
STM32L151VEYx	Cortex-M3	DIE437	80	512	1
STM32L151ZCTx	Cortex-M3	DIE436	32	256	1
STM32L151ZDTx	Cortex-M3	DIE436	48	384	1
STM32L151ZETx	Cortex-M3	DIE437	80	512	1
STM32L152C6Tx	Cortex-M3	DIE416	10	32	1
STM32L152C6TxA	Cortex-M3	DIE429	16	32	1
STM32L152C6Ux	Cortex-M3	DIE416	10	32	1
STM32L152C6UxA	Cortex-M3	DIE429	16	32	1
STM32L152C8Tx	Cortex-M3	DIE416	10	64	1
STM32L152C8TxA	Cortex-M3	DIE429	32	64	1
STM32L152C8Ux	Cortex-M3	DIE416	10	64	1
STM32L152C8UxA	Cortex-M3	DIE429	32	64	1
STM32L152CBTx	Cortex-M3	DIE416	16	128	1
STM32L152CBTxA	Cortex-M3	DIE429	32	128	1
STM32L152CBUx	Cortex-M3	DIE416	16	128	1
STM32L152CBUxA	Cortex-M3	DIE429	32	128	1
STM32L152CCTx	Cortex-M3	DIE427	32	256	1
STM32L152CCUx	Cortex-M3	DIE427	32	256	1
STM32L152QCHx	Cortex-M3	DIE436	32	256	1
STM32L152QDHx	Cortex-M3	DIE436	48	384	1
STM32L152QEHx	Cortex-M3	DIE437	80	512	1
STM32L152R6Hx	Cortex-M3	DIE416	10	32	1
STM32L152R6HxA	Cortex-M3	DIE429	16	32	1
STM32L152R6Tx	Cortex-M3	DIE416	10	32	1
STM32L152R6TxA	Cortex-M3	DIE429	16	32	1
STM32L152R8Hx	Cortex-M3	DIE416	10	64	1
STM32L152R8HxA	Cortex-M3	DIE429	32	64	1
STM32L152R8Tx	Cortex-M3	DIE416	10	64	1
STM32L152R8TxA	Cortex-M3	DIE429	32	64	1
STM32L152RBHx	Cortex-M3	DIE416	16	128	1
STM32L152RBHxA	Cortex-M3	DIE429	32	128	1
STM32L152RBTx	Cortex-M3	DIE416	16	128	1
STM32L152RBTxA	Cortex-M3	DIE429	32	128	1
STM32L152RCTx	Cortex-M3	DIE427	32	256	1
STM32L152RCTxA	Cortex-M3	DIE436	32	256	1
STM32L152RDTx	Cortex-M3	DIE436	48	384	1
STM32L152RDYx	Cortex-M3	DIE436	48	384	1
STM32L152RETx	Cortex-M3	DIE437	80	512	1
STM32L152UCYx	Cortex-M3	DIE427	32	256	1
STM32L152V8Hx	Cortex-M3	DIE416	10	64	1
STM32L152V8HxA	Cortex-M3	DIE429	32	64	1
STM32L152V8Tx	Cortex-M3	DIE416	10	64	1
STM32L152V8TxA	Cortex-M3	DIE429	32	64	1
STM32L152VBHx	Cortex-M3	DIE416	16	128	1
STM32L152VBHxA	Cortex-M3	DIE429	32	128	1
STM32L152VBTx	Cortex-M3	DIE416	16	128	1
STM32L152VBTxA	Cortex-M3	DIE429	32	128	1
STM32L152VCHx	Cortex-M3	DIE427	32	256	1
STM32L152VCTx	Cortex-M3	DIE427	32	256	1
STM32L152VCTxA	Cortex-M3	DIE436	32	256	1
STM32L152VDTx	Cortex-M3	DIE436	48	384	1
STM32L152VDTxX	Cortex-M3	DIE437	80	384	1
STM32L152VETx	Cortex-M3	DIE437	80	512	1
STM32L152VEYx	Cortex-M3	DIE437	80	512	1
STM32L152ZCTx	Cortex-M3	DIE436	32	256	1
STM32L152ZDTx	Cortex-M3	DIE436	48	384	1
STM32L152ZETx	Cortex-M3	DIE437	80	512	1
STM32L162QCHx	Cortex-M3	DIE436	32	256	1
STM32L162QDHx	Cortex-M3	DIE436	48	384	1
STM32L162RCTx	Cortex-M3	DIE427	32	256	1
STM32L162RCTxA	Cortex-M3	DIE436	32	256	1
STM32L162RDTx	Cortex-M3	DIE436	48	384	1
STM32L162RDYx	Cortex-M3	DIE436	48	384	1
STM32L162RETx	Cortex-M3	DIE437	80	512	1
STM32L162VCHx	Cortex-M3	DIE427	32	256	1
STM32L162VCTx	Cortex-M3	DIE427	32	256	1
STM32L162VCTxA	Cortex-M3	DIE436	32	256	1
STM32L162VDTx	Cortex-M3	DIE436	48	384	1
STM32L162VDYxX	Cortex-M3	DIE437	80	384	1
STM32L162VETx	Cortex-M3	DIE437	80	512	1
STM32L162VEYx	Cortex-M3	DIE437	80	512	1
STM32L162ZCTx	Cortex-M3	DIE436	32	256	1
STM32L162ZDTx	Cortex-M3	DIE436	48	384	1
STM32L162ZETx	Cortex-M3	DIE437	80	512	1
STM32L412C8Tx	Cortex-M4	DIE464	40	64	1
STM32L412C8Ux	Cortex-M4	DIE464	40	64	1
STM32L412CBTx	Cortex-M4	DIE464	40	128	1
STM32L412CBTxP	Cortex-M4	DIE464	40	128	1
STM32L412CBUx	Cortex-M4	DIE464	40	128	1
STM32L412CBUxP	Cortex-M4	DIE464	40	128	1
STM32L412K8Tx	Cortex-M4	DIE464	40	64	1
STM32L412K8Ux	Cortex-M4	DIE464	40	64	1
STM32L412KBTx	Cortex-M4	DIE464	40	128	1
STM32L412KBUx	Cortex-M4	DIE464	40	128	1
STM32L412R8Ix	Cortex-M4	DIE464	40	64	1
STM32L412R8Tx	Cortex-M4	DIE464	40	64	1
STM32L412RBIx	Cortex-M4	DIE464	40	128	1
STM32L412RBIxP	Cortex-M4	DIE464	40	128	1
STM32L412RBTx	Cortex-M4	DIE464	40	128	1
STM32L412RBTxP	Cortex-M4	DIE464	40	128	1
STM32L412T8Yx	Cortex-M4	DIE464	40	64	1
STM32L412TBYx	Cortex-M4	DIE464	40	128	1
STM32L412TBYxP	Cortex-M4	DIE464	40	128	1
STM32L422CBTx	Cortex-M4	DIE464	40	128	1
STM32L422CBUx	Cortex-M4	DIE464	40	128	1
STM32L422KBTx	Cortex-M4	DIE464	40	128	1
STM32L422KBUx	Cortex-M4	DIE464	40	128	1
STM32L422RBIx	Cortex-M4	DIE464	40	128	1
STM32L422RBTx	Cortex-M4	DIE464	40	128	1
STM32L422TBYx	Cortex-M4	DIE464	40	128	1
STM32L431CBTx	Cortex-M4	DIE435	64	128	1
STM32L431CBUx	Cortex-M4	DIE435	64	128	1
STM32L431CBYx	Cortex-M4	DIE435	64	128	1
STM32L431CCTx	Cortex-M4	DIE435	64	256	1
STM32L431CCUx	Cortex-M4	DIE435	64	256	1
STM32L431CCYx	Cortex-M4	DIE435	64	256	1
STM32L431KBUx	Cortex-M4	DIE435	64	128	1
STM32L431KCUx	Cortex-M4	DIE435	64	256	1
STM32L431RBIx	Cortex-M4	DIE435	64	128	1
STM32L431RBTx	Cortex-M4	DIE435	64	128	1
STM32L431RBYx	Cortex-M4	DIE435	64	128	1
STM32L431RCIx	Cortex-M4	DIE435	64	256	1
STM32L431RCTx	Cortex-M4	DIE435	64	256	1
STM32L431RCYx	Cortex-M4	DIE435	64	256	1
STM32L431VCIx	Cortex-M4	DIE435	64	256	1
STM32L431VCTx	Cortex-M4	DIE435	64	256	1
STM32L432KBUx	Cortex-M4	DIE435	64	128	1
STM32L432KCUx	Cortex-M4	DIE435	64	256	1
STM32L433CBTx	Cortex-M4	DIE435	64	128	1
STM32L433CBUx	Cortex-M4	DIE435	64	128	1
STM32L433CBYx	Cortex-M4	DIE435	64	128	1
STM32L433CCTx	Cortex-M4	DIE435	64	256	1
STM32L433CCUx	Cortex-M4	DIE435	64	256	1
STM32L433CCYx	Cortex-M4	DIE435	64	256	1
STM32L433RBIx	Cortex-M4	DIE435	64	128	1
STM32L433RBTx	Cortex-M4	DIE435	64	128	1
STM32L433RBYx	Cortex-M4	DIE435	64	128	1
STM32L433RCIx	Cortex-M4	DIE435	64	256	1
STM32L433RCTx	Cortex-M4	DIE435	64	256	1
STM32L433RCTxP	Cortex-M4	DIE435	64	256	1
STM32L433RCYx	Cortex-M4	DIE435	64	256	1
STM32L433VCIx	Cortex-M4	DIE435	64	256	1
STM32L433VCTx	Cortex-M4	DIE435	64	256	1
STM32L442KCUx	Cortex-M4	DIE435	64	256	1
STM32L443CCFx	Cortex-M4	DIE435	64	256	1
STM32L443CCTx	Cortex-M4	DIE435	64	256	1
STM32L443CCUx	Cortex-M4	DIE435	64	256	1
STM32L443CCYx	Cortex-M4	DIE435	64	256	1
STM32L443RCIx	Cortex-M4	DIE435	64	256	1
STM32L443RCTx	Cortex-M4	DIE435	64	256	1
STM32L443RCYx	Cortex-M4	DIE435	64	256	1
STM32L443VCIx	Cortex-M4	DIE435	64	256	1
STM32L443VCTx	Cortex-M4	DIE435	64	256	1
STM32L451CCUx	Cortex-M4	DIE462	160	256	1
STM32L451CETx	Cortex-M4	DIE462	160	512	1
STM32L451CEUx	Cortex-M4	DIE462	160	512	1
STM32L451RCIx	Cortex-M4	DIE462	160	256	1
STM32L451RCTx	Cortex-M4	DIE462	160	256	1
STM32L451RCYx	Cortex-M4	DIE462	160	256	1
STM32L451REIx	Cortex-M4	DIE462	160	512	1
STM32L451RETx	Cortex-M4	DIE462	160	512	1
STM32L451REYx	Cortex-M4	DIE462	160	512	1
STM32L451VCIx	Cortex-M4	DIE462	160	256	1
STM32L451VCTx	Cortex-M4	DIE462	160	256	1
STM32L451VEIx	Cortex-M4	DIE462	160	512	1
STM32L451VETx	Cortex-M4	DIE462	160	512	1
STM32L452CCUx	Cortex-M4	DIE462	160	256	1
STM32L452CETx	Cortex-M4	DIE462	160	512	1
STM32L452CETxP	Cortex-M4	DIE462	160	512	1
STM32L452CEUx	Cortex-M4	DIE462	160	512	1
STM32L452RCIx	Cortex-M4	DIE462	160	256	1
STM32L452RCTx	Cortex-M4	DIE462	160	256	1
STM32L452RCYx	Cortex-M4	DIE462	160	256	1
STM32L452REIx	Cortex-M4	DIE462	160	512	1
STM32L452RETx	Cortex-M4	DIE462	160	512	1
STM32L452RETxP	Cortex-M4	DIE462	160	512	1
STM32L452REYx	Cortex-M4	DIE462	160	512	1
STM32L452REYxP	Cortex-M4	DIE462	160	512	1
STM32L452VCIx	Cortex-M4	DIE462	160	256	1
STM32L452VCTx	Cortex-M4	DIE462	160	256	1
STM32L452VEIx	Cortex-M4	DIE462	160	512	1
STM32L452VETx	Cortex-M4	DIE462	160	512	1
STM32L462CETx	Cortex-M4	DIE462	160	512	1
STM32L462CEUx	Cortex-M4	DIE462	160	512	1
STM32L462REIx	Cortex-M4	DIE462	160	512	1
STM32L462RETx	Cortex-M4	DIE462	160	512	1
STM32L462REYx	Cortex-M4	DIE462	160	512	1
STM32L462VEIx	Cortex-M4	DIE462	160	512	1
STM32L462VETx	Cortex-M4	DIE462	160	512	1
STM32L471QEIx	Cortex-M4	DIE415	128	512	1
STM32L471QGIx	Cortex-M4	DIE415	128	1024	1
STM32L471RETx	Cortex-M4	DIE415	128	512	1
STM32L471RGTx	Cortex-M4	DIE415	128	1024	1
STM32L471VETx	Cortex-M4	DIE415	128	512	1
STM32L471VGTx	Cortex-M4	DIE415	128	1024	1
STM32L471ZEJx	Cortex-M4	DIE415	128	512	1
STM32L471ZETx	Cortex-M4	DIE415	128	512	1
STM32L471ZGJx	Cortex-M4	DIE415	128	1024	1
STM32L471ZGTx	Cortex-M4	DIE415	128	1024	1
STM32L475RCTx	Cortex-M4	DIE415	128	256	1
STM32L475RETx	Cortex-M4	DIE415	128	512	1
STM32L475RGTx	Cortex-M4	DIE415	128	1024	1
STM32L475VCTx	Cortex-M4	DIE415	128	256	1
STM32L475VETx	Cortex-M4	DIE415	128	512	1
STM32L475VGTx	Cortex-M4	DIE415	128	1024	1
STM32L476JEYx	Cortex-M4	DIE415	128	512	1
STM32L476JGYx	Cortex-M4	DIE415	128	1024	1
STM32L476JGYxP	Cortex-M4	DIE415	128	1024	1
STM32L476MEYx	Cortex-M4	DIE415	128	512	1
STM32L476MGYx	Cortex-M4	DIE415	128	1024	1
STM32L476QEIx	Cortex-M4	DIE415	128	512	1
STM32L476QGIx	Cortex-M4	DIE415	128	1024	1
STM32L476QGIxP	Cortex-M4	DIE415	128	1024	1
STM32L476RCTx	Cortex-M4	DIE415	128	256	1
STM32L476RETx	Cortex-M4	DIE415	128	512	1
STM32L476RGTx	Cortex-M4	DIE415	128	1024	1
STM32L476VCTx	Cortex-M4	DIE415	128	256	1
STM32L476VETx	Cortex-M4	DIE415	128	512	1
STM32L476VGTx	Cortex-M4	DIE415	128	1024	1
STM32L476VGYxP	Cortex-M4	DIE415	128	1024	1
STM32L476ZETx	Cortex-M4	DIE415	128	512	1
STM32L476ZGJx	Cortex-M4	DIE415	128	1024	1
STM32L476ZGTx	Cortex-M4	DIE415	128	1024	1
STM32L476ZGTxP	Cortex-M4	DIE415	128	1024	1
STM32L485JCYx	Cortex-M4	DIE415	128	256	1
STM32L485JEYx	Cortex-M4	DIE415	128	512	1
STM32L486JGYx	Cortex-M4	DIE415	128	1024	1
STM32L486QGIx	Cortex-M4	DIE415	128	1024	1
STM32L486RGTx	Cortex-M4	DIE415	128	1024	1
STM32L486VGTx	Cortex-M4	DIE415	128	1024	1
STM32L486ZGTx	Cortex-M4	DIE415	128	1024	1
STM32L496AEIx	Cortex-M4	DIE461	320	512	1
STM32L496AGIx	Cortex-M4	DIE461	320	1024	1
STM32L496AGIxP	Cortex-M4	DIE461	320	1024	1
STM32L496QEIx	Cortex-M4	DIE461	320	512	1
STM32L496QGIx	Cortex-M4	DIE461	320	1024	1
STM32L496QGIxP	Cortex-M4	DIE461	320	1024	1
STM32L496QGIxS	Cortex-M4	DIE461	320	1024	1
STM32L496RETx	Cortex-M4	DIE461	320	512	1
STM32L496RGTx	Cortex-M4	DIE461	320	1024	1
STM32L496RGTxP	Cortex-M4	DIE461	320	1024	1
STM32L496VETx	Cortex-M4	DIE461	320	512	1
STM32L496VGTx	Cortex-M4	DIE461	320	1024	1
STM32L496VGTxP	Cortex-M4	DIE461	320	1024	1
STM32L496VGYx	Cortex-M4	DIE461	320	1024	1
STM32L496VGYxP	Cortex-M4	DIE461	320	1024	1
STM32L496WGYxP	Cortex-M4	DIE461	320	1024	1
STM32L496ZETx	Cortex-M4	DIE461	320	512	1
STM32L496ZGTx	Cortex-M4	DIE461	320	1024	1
STM32L496ZGTxP	Cortex-M4	DIE461	320	1024	1
STM32L4A6AGIx	Cortex-M4	DIE461	320	1024	1
STM32L4A6AGIxP	Cortex-M4	DIE461	320	1024	1
STM32L4A6QGIx	Cortex-M4	DIE461	320	1024	1
STM32L4A6QGIxP	Cortex-M4	DIE461	320	1024	1
STM32L4A6RGTx	Cortex-M4	DIE461	320	1024	1
STM32L4A6RGTxP	Cortex-M4	DIE461	320	1024	1
STM32L4A6VGTx	Cortex-M4	DIE461	320	1024	1
STM32L4A6VGTxP	Cortex-M4	DIE461	320	1024	1
STM32L4A6VGYx	Cortex-M4	DIE461	320	1024	1
STM32L4A6VGYxP	Cortex-M4	DIE461	320	1024	1
STM32L4A6ZGTx	Cortex-M4	DIE461	320	1024	1
STM32L4A6ZGTxP	Cortex-M4	DIE461	320	1024	1
STM32L4P5AEIx	Cortex-M4	DIE471	320	512	1
STM32L4P5AGIx	Cortex-M4	DIE471	320	1024	1
STM32L4P5AGIxP	Cortex-M4	DIE471	320	1024	1
STM32L4P5CETx	Cortex-M4	DIE471	320	512	1
STM32L4P5CEUx	Cortex-M4	DIE471	320	512	1
STM32L4P5CGTx	Cortex-M4	DIE471	320	1024	1
STM32L4P5CGTxP	Cortex-M4	DIE471	320	1024	1
STM32L4P5CGUx	Cortex-M4	DIE471	320	1024	1
STM32L4P5CGUxP	Cortex-M4	DIE471	320	1024	1
STM32L4P5QEIx	Cortex-M4	DIE471	320	512	1
STM32L4P5QGIx	Cortex-M4	DIE471	320	1024	1
STM32L4P5QGIxP	Cortex-M4	DIE471	320	1024	1
STM32L4P5QGIxS	Cortex-M4	DIE471	320	1024	1
STM32L4P5RETx	Cortex-M4	DIE471	320	512	1
STM32L4P5RGTx	Cortex-M4	DIE471	320	1024	1
STM32L4P5RGTxP	Cortex-M4	DIE471	320	1024	1
STM32L4P5VETx	Cortex-M4	DIE471	320	512	1
STM32L4P5VEYx	Cortex-M4	DIE471	320	512	1
STM32L4P5VGTx	Cortex-M4	DIE471	320	1024	1
STM32L4P5VGTxP	Cortex-M4	DIE471	320	1024	1
STM32L4P5VGYx	Cortex-M4	DIE471	320	1024	1
STM32L4P5VGYxP	Cortex-M4	DIE471	320	1024	1
STM32L4P5ZETx	Cortex-M4	DIE471	320	512	1
STM32L4P5ZGTx	Cortex-M4	DIE471	320	1024	1
STM32L4P5ZGTxP	Cortex-M4	DIE471	320	1024	1
STM32L4Q5AGIx	Cortex-M4	DIE471	320	1024	1
STM32L4Q5AGIxP	Cortex-M4	DIE471	320	1024	1
STM32L4Q5CGTx	Cortex-M4	DIE471	320	1024	1
STM32L4Q5CGTxP	Cortex-M4	DIE471	320	1024	1
STM32L4Q5CGUx	Cortex-M4	DIE471	320	1024	1
STM32L4Q5CGUxP	Cortex-M4	DIE471	320	1024	1
STM32L4Q5QGIx	Cortex-M4	DIE471	320	1024	1
STM32L4Q5QGIxP	Cortex-M4	DIE471	320	1024	1
STM32L4Q5RGTx	Cortex-M4	DIE471	320	1024	1
STM32L4Q5RGTxP	Cortex-M4	DIE471	320	1024	1
STM32L4Q5VGTx	Cortex-M4	DIE471	320	1024	1
STM32L4Q5VGTxP	Cortex-M4	DIE471	320	1024	1
STM32L4Q5VGYx	Cortex-M4	DIE471	320	1024	1
STM32L4Q5VGYxP	Cortex-M4	DIE471	320	1024	1
STM32L4Q5ZGTx	Cortex-M4	DIE471	320	1024	1
STM32L4Q5ZGTxP	Cortex-M4	DIE471	320	1024	1
STM32L4R5AGIx	Cortex-M4	DIE470	640	1024	1
STM32L4R5AIIx	Cortex-M4	DIE470	640	2048	1
STM32L4R5AIIxP	Cortex-M4	DIE470	640	2048	1
STM32L4R5QGIx	Cortex-M4	DIE470	640	1024	1
STM32L4R5QGIxS	Cortex-M4	DIE470	640	1024	1
STM32L4R5QIIx	Cortex-M4	DIE470	640	2048	1
STM32L4R5QIIxP	Cortex-M4	DIE470	640	2048	1
STM32L4R5VGTx	Cortex-M4	DIE470	640	1024	1
STM32L4R5VITx	Cortex-M4	DIE470	640	2048	1
STM32L4R5ZGTx	Cortex-M4	DIE470	640	1024	1
STM32L4R5ZGYx	Cortex-M4	DIE470	640	1024	1
STM32L4R5ZITx	Cortex-M4	DIE470	640	2048	1
STM32L4R5ZITxP	Cortex-M4	DIE470	640	2048	1
STM32L4R5ZIYx	Cortex-M4	DIE470	640	2048	1
STM32L4R7AIIx	Cortex-M4	DIE470	640	2048	1
STM32L4R7VITx	Cortex-M4	DIE470	640	2048	1
STM32L4R7ZITx	Cortex-M4	DIE470	640	2048	1
STM32L4R9AGIx	Cortex-M4	DIE470	640	1024	1
STM32L4R9AIIx	Cortex-M4	DIE470	640	2048	1
STM32L4R9VGTx	Cortex-M4	DIE470	640	1024	1
STM32L4R9VITx	Cortex-M4	DIE470	640	2048	1
STM32L4R9ZGJx	Cortex-M4	DIE470	640	1024	1
STM32L4R9ZGTx	Cortex-M4	DIE470	640	1024	1
STM32L4R9ZGYx	Cortex-M4	DIE470	640	1024	1
STM32L4R9ZIJx	Cortex-M4	DIE470	640	2048	1
STM32L4R9ZITx	Cortex-M4	DIE470	640	2048	1
STM32L4R9ZIYx	Cortex-M4	DIE470	640	2048	1
STM32L4R9ZIYxP	Cortex-M4	DIE470	640	2048	1
STM32L4S5AIIx	Cortex-M4	DIE470	640	2048	1
STM32L4S5QIIx	Cortex-M4	DIE470	640	2048	1
STM32L4S5VITx	Cortex-M4	DIE470	640	2048	1
STM32L4S5ZITx	Cortex-M4	DIE470	640	2048	1
STM32L4S5ZIYx	Cortex-M4	DIE470	640	2048	1
STM32L4S7AIIx	Cortex-M4	DIE470	640	2048	1
STM32L4S7VITx	Cortex-M4	DIE470	640	2048	1
STM32L4S7ZITx	Cortex-M4	DIE470	640	2048	1
STM32L4S9AIIx	Cortex-M4	DIE470	640	2048	1
STM32L4S9VITx	Cortex-M4	DIE470	640	2048	1
STM32L4S9ZIJx	Cortex-M4	DIE470	640	2048	1
STM32L4S9ZITx	Cortex-M4	DIE470	640	2048	1
STM32L4S9ZIYx	Cortex-M4	DIE470	640	2048	1
STM32L552CCTx	Cortex-M33	DIE472	256	256	1
STM32L552CCUx	Cortex-M33	DIE472	256	256	1
STM32L552CETx	Cortex-M33	DIE472	256	512	1
STM32L552CETxP	Cortex-M33	DIE472	256	512	1
STM32L552CEUx	Cortex-M33	DIE472	256	512	1
STM32L552CEUxP	Cortex-M33	DIE472	256	512	1
STM32L552MEYxP	Cortex-M33	DIE472	256	512	1
STM32L552MEYxQ	Cortex-M33	DIE472	256	512	1
STM32L552QCIxQ	Cortex-M33	DIE472	256	256	1
STM32L552QEIx	Cortex-M33	DIE472	256	512	1
STM32L552QEIxP	Cortex-M33	DIE472	256	512	1
STM32L552QEIxQ	Cortex-M33	DIE472	256	512	1
STM32L552RCTx	Cortex-M33	DIE472	256	256	1
STM32L552RETx	Cortex-M33	DIE472	256	512	1
STM32L552RETxP	Cortex-M33	DIE472	256	512	1
STM32L552RETxQ	Cortex-M33	DIE472	256	512	1
STM32L552VCTxQ	Cortex-M33	DIE472	256	256	1
STM32L552VETx	Cortex-M33	DIE472	256	512	1
STM32L552VETxQ	Cortex-M33	DIE472	256	512	1
STM32L552ZCTxQ	Cortex-M33	DIE472	256	256	1
STM32L552ZETx	Cortex-M33	DIE472	256	512	1
STM32L552ZETxQ	Cortex-M33	DIE472	256	512	1
STM32L562CETx	Cortex-M33	DIE472	256	512	1
STM32L562CETxP	Cortex-M33	DIE472	256	512	1
STM32L562CEUx	Cortex-M33	DIE472	256	512	1
STM32L562CEUxP	Cortex-M33	DIE472	256	512	1
STM32L562MEYxP	Cortex-M33	DIE472	256	512	1
STM32L562MEYxQ	Cortex-M33	DIE472	256	512	1
STM32L562QEIx	Cortex-M33	DIE472	256	512	1
STM32L562QEIxP	Cortex-M33	DIE472	256	512	1
STM32L562QEIxQ	Cortex-M33	DIE472	256	512	1
STM32L562RETx	Cortex-M33	DIE472	256	512	1
STM32L562RETxP	Cortex-M33	DIE472	256	512	1
STM32L562RETxQ	Cortex-M33	DIE472	256	512	1
STM32L562VETx	Cortex-M33	DIE472	256	512	1
STM32L562VETxQ	Cortex-M33	DIE472	256	512	1
STM32L562ZETx	Cortex-M33	DIE472	256	512	1
STM32L562ZETxQ	Cortex-M33	DIE472	256	512	1
STM32MP131AAEx		DIE501	168	0	1
STM32MP131AAFx		DIE501	168	0	1
STM32MP131AAGx		DIE501	168	0	1
STM32MP131CAEx		DIE501	168	0	1
STM32MP131CAFx		DIE501	168	0	1
STM32MP131CAGx		DIE501	168	0	1
STM32MP131DAEx		DIE501	168	0	1
STM32MP131DAFx		DIE501	168	0	1
STM32MP131DAGx		DIE501	168	0	1
STM32MP131FAEx		DIE501	168	0	1
STM32MP131FAFx		DIE501	168	0	1
STM32MP131FAGx		DIE501	168	0	1
STM32MP133AAEx		DIE501	168	0	1
STM32MP133AAFx		DIE501	168	0	1
STM32MP133AAGx		DIE501	168	0	1
STM32MP133CAEx		DIE501	168	0	1
STM32MP133CAFx		DIE501	168	0	1
STM32MP133CAGx		DIE501	168	0	1
STM32MP133DAEx		DIE501	168	0	1
STM32MP133DAFx		DIE501	168	0	1
STM32MP133DAGx		DIE501	168	0	1
STM32MP133FAEx		DIE501	168	0	1
STM32MP133FAFx		DIE501	168	0	1
STM32MP133FAGx		DIE501	168	0	1
STM32MP135AAEx		DIE501	168	0	1
STM32MP135AAFx		DIE501	168	0	1
STM32MP135AAGx		DIE501	168	0	1
STM32MP135CAEx		DIE501	168	0	1
STM32MP135CAFx		DIE501	168	0	1
STM32MP135CAGx		DIE501	168	0	1
STM32MP135DAEx		DIE501	168	0	1
STM32MP135DAFx		DIE501	168	0	1
STM32MP135DAGx		DIE501	168	0	1
STM32MP135FAEx		DIE501	168	0	1
STM32MP135FAFx		DIE501	168	0	1
STM32MP135FAGx		DIE501	168	0	1
STM32MP151AAAx		DIE500	708	0	2
STM32MP151AABx		DIE500	708	0	2
STM32MP151AACx		DIE500	708	0	2
STM32MP151AADx		DIE500	708	0	2
STM32MP151CAAx		DIE500	708	0	2
STM32MP151CABx		DIE500	708	0	2
STM32MP151CACx		DIE500	708	0	2
STM32MP151CADx		DIE500	708	0	2
STM32MP151DAAx		DIE500	708	0	2
STM32MP151DABx		DIE500	708	0	2
STM32MP151DACx		DIE500	708	0	2
STM32MP151DADx		DIE500	708	0	2
STM32MP151FAAx		DIE500	708	0	2
STM32MP151FABx		DIE500	708	0	2
STM32MP151FACx		DIE500	708	0	2
STM32MP151FADx		DIE500	708	0	2
STM32MP153AAAx		DIE500	708	0	2
STM32MP153AABx		DIE500	708	0	2
STM32MP153AACx		DIE500	708	0	2
STM32MP153AADx		DIE500	708	0	2
STM32MP153CAAx		DIE500	708	0	2
STM32MP153CABx		DIE500	708	0	2
STM32MP153CACx		DIE500	708	0	2
STM32MP153CADx		DIE500	708	0	2
STM32MP153DAAx		DIE500	708	0	2
STM32MP153DABx		DIE500	708	0	2
STM32MP153DACx		DIE500	708	0	2
STM32MP153DADx		DIE500	708	0	2
STM32MP153FAAx		DIE500	708	0	2
STM32MP153FABx		DIE500	708	0	2
STM32MP153FACx		DIE500	708	0	2
STM32MP153FADx		DIE500	708	0	2
STM32MP157AAAx		DIE500	708	0	2
STM32MP157AABx		DIE500	708	0	2
STM32MP157AACx		DIE500	708	0	2
STM32MP157AADx		DIE500	708	0	2
STM32MP157CAAx		DIE500	708	0	2
STM32MP157CABx		DIE500	708	0	2
STM32MP157CACx		DIE500	708	0	2
STM32MP157CADx		DIE500	708	0	2
STM32MP157DAAx		DIE500	708	0	2
STM32MP157DABx		DIE500	708	0	2
STM32MP157DACx		DIE500	708	0	2
STM32MP157DADx		DIE500	708	0	2
STM32MP157FAAx		DIE500	708	0	2
STM32MP157FABx		DIE500	708	0	2
STM32MP157FACx		DIE500	708	0	2
STM32MP157FADx		DIE500	708	0	2
STM32MP211AALx		DIE503	456	0	2
STM32MP211AAMx		DIE503	456	0	2
STM32MP211AANx		DIE503	456	0	2
STM32MP211AAOx		DIE503	456	0	2
STM32MP211CALx		DIE503	456	0	2
STM32MP211CAMx		DIE503	456	0	2
STM32MP211CANx		DIE503	456	0	2
STM32MP211CAOx		DIE503	456	0	2
STM32MP211DALx		DIE503	456	0	2
STM32MP211DAMx		DIE503	456	0	2
STM32MP211DANx		DIE503	456	0	2
STM32MP211DAOx		DIE503	456	0	2
STM32MP211FALx		DIE503	456	0	2
STM32MP211FAMx		DIE503	456	0	2
STM32MP211FANx		DIE503	456	0	2
STM32MP211FAOx		DIE503	456	0	2
STM32MP213AALx		DIE503	456	0	2
STM32MP213AAMx		DIE503	456	0	2
STM32MP213AANx		DIE503	456	0	2
STM32MP213AAOx		DIE503	456	0	2
STM32MP213CALx		DIE503	456	0	2
STM32MP213CAMx		DIE503	456	0	2
STM32MP213CANx		DIE503	456	0	2
STM32MP213CAOx		DIE503	456	0	2
STM32MP213DALx		DIE503	456	0	2
STM32MP213DAMx		DIE503	456	0	2
STM32MP213DANx		DIE503	456	0	2
STM32MP213DAOx		DIE503	456	0	2
STM32MP213FALx		DIE503	456	0	2
STM32MP213FAMx		DIE503	456	0	2
STM32MP213FANx		DIE503	456	0	2
STM32MP213FAOx		DIE503	456	0	2
STM32MP215AALx		DIE503	456	0	2
STM32MP215AAMx		DIE503	456	0	2
STM32MP215AANx		DIE503	456	0	2
STM32MP215AAOx		DIE503	456	0	2
STM32MP215CALx		DIE503	456	0	2
STM32MP215CAMx		DIE503	456	0	2
STM32MP215CANx		DIE503	456	0	2
STM32MP215CAOx		DIE503	456	0	2
STM32MP215DALx		DIE503	456	0	2
STM32MP215DAMx		DIE503	456	0	2
STM32MP215DANx		DIE503	456	0	2
STM32MP215DAOx		DIE503	456	0	2
STM32MP215FALx		DIE503	456	0	2
STM32MP215FAMx		DIE503	456	0	2
STM32MP215FANx		DIE503	456	0	2
STM32MP215FAOx		DIE503	456	0	2
STM32MP231AAJx		DIE505	776	0	2
STM32MP231AAKx		DIE505	776	0	2
STM32MP231AALx		DIE505	776	0	2
STM32MP231CAJx		DIE505	776	0	2
STM32MP231CAKx		DIE505	776	0	2
STM32MP231CALx		DIE505	776	0	2
STM32MP231DAJx		DIE505	776	0	2
STM32MP231DAKx		DIE505	776	0	2
STM32MP231DALx		DIE505	776	0	2
STM32MP231FAJx		DIE505	776	0	2
STM32MP231FAKx		DIE505	776	0	2
STM32MP231FALx		DIE505	776	0	2
STM32MP233AAJx		DIE505	776	0	2
STM32MP233AAKx		DIE505	776	0	2
STM32MP233AALx		DIE505	776	0	2
STM32MP233CAJx		DIE505	776	0	2
STM32MP233CAKx		DIE505	776	0	2
STM32MP233CALx		DIE505	776	0	2
STM32MP233DAJx		DIE505	776	0	2
STM32MP233DAKx		DIE505	776	0	2
STM32MP233DALx		DIE505	776	0	2
STM32MP233FAJx		DIE505	776	0	2
STM32MP233FAKx		DIE505	776	0	2
STM32MP233FALx		DIE505	776	0	2
STM32MP235AAJx		DIE505	776	0	2
STM32MP235AAKx		DIE505	776	0	2
STM32MP235AALx		DIE505	776	0	2
STM32MP235CAJx		DIE505	776	0	2
STM32MP235CAKx		DIE505	776	0	2
STM32MP235CALx		DIE505	776	0	2
STM32MP235DAJx		DIE505	776	0	2
STM32MP235DAKx		DIE505	776	0	2
STM32MP235DALx		DIE505	776	0	2
STM32MP235FAJx		DIE505	776	0	2
STM32MP235FAKx		DIE505	776	0	2
STM32MP235FALx		DIE505	776	0	2
STM32MP251AAIx		DIE505	808	0	2
STM32MP251AAJx		DIE505	808	0	2
STM32MP251AAKx		DIE505	808	0	2
STM32MP251AALx		DIE505	808	0	2
STM32MP251CAIx		DIE505	808	0	2
STM32MP251CAJx		DIE505	808	0	2
STM32MP251CAKx		DIE505	808	0	2
STM32MP251CALx		DIE505	808	0	2
STM32MP251DAIx		DIE505	808	0	2
STM32MP251DAJx		DIE505	808	0	2
STM32MP251DAKx		DIE505	808	0	2
STM32MP251DALx		DIE505	808	0	2
STM32MP251FAIx		DIE505	808	0	2
STM32MP251FAJx		DIE505	808	0	2
STM32MP251FAKx		DIE505	808	0	2
STM32MP251FALx		DIE505	808	0	2
STM32MP253AAIx		DIE505	808	0	2
STM32MP253AAJx		DIE505	808	0	2
STM32MP253AAKx		DIE505	808	0	2
STM32MP253AALx		DIE505	808	0	2
STM32MP253CAIx		DIE505	808	0	2
STM32MP253CAJx		DIE505	808	0	2
STM32MP253CAKx		DIE505	808	0	2
STM32MP253CALx		DIE505	808	0	2
STM32MP253DAIx		DIE505	808	0	2
STM32MP253DAJx		DIE505	808	0	2
STM32MP253DAKx		DIE505	808	0	2
STM32MP253DALx		DIE505	808	0	2
STM32MP253FAIx		DIE505	808	0	2
STM32MP253FAJx		DIE505	808	0	2
STM32MP253FAKx		DIE505	808	0	2
STM32MP253FALx		DIE505	808	0	2
STM32MP255AAIx		DIE505	808	0	2
STM32MP255AAJx		DIE505	808	0	2
STM32MP255AAKx		DIE505	808	0	2
STM32MP255AALx		DIE505	808	0	2
STM32MP255CAIx		DIE505	808	0	2
STM32MP255CAJx		DIE505	808	0	2
STM32MP255CAKx		DIE505	808	0	2
STM32MP255CALx		DIE505	808	0	2
STM32MP255DAIx		DIE505	808	0	2
STM32MP255DAJx		DIE505	808	0	2
STM32MP255DAKx		DIE505	808	0	2
STM32MP255DALx		DIE505	808	0	2
STM32MP255FAIx		DIE505	808	0	2
STM32MP255FAJx		DIE505	808	0	2
STM32MP255FAKx		DIE505	808	0	2
STM32MP255FALx		DIE505	808	0	2
STM32MP257AAIx		DIE505	808	0	2
STM32MP257AAJx		DIE505	808	0	2
STM32MP257AAKx		DIE505	808	0	2
STM32MP257AALx		DIE505	808	0	2
STM32MP257CAIx		DIE505	808	0	2
STM32MP257CAJx		DIE505	808	0	2
STM32MP257CAKx		DIE505	808	0	2
STM32MP257CALx		DIE505	808	0	2
STM32MP257DAIx		DIE505	808	0	2
STM32MP257DAJx		DIE505	808	0	2
STM32MP257DAKx		DIE505	808	0	2
STM32MP257DALx		DIE505	808	0	2
STM32MP257FAIx		DIE505	808	0	2
STM32MP257FAJx		DIE505	808	0	2
STM32MP257FAKx		DIE505	808	0	2
STM32MP257FALx		DIE505	808	0	2
STM32N645A0HxQ	Cortex-M55	DIE486	4200	0	1
STM32N645A0HxQG	Cortex-M55	DIE486	4200	0	1
STM32N645B0HxQ	Cortex-M55	DIE486	4200	0	1
STM32N645I0HxQ	Cortex-M55	DIE486	4200	0	1
STM32N645L0HxQ	Cortex-M55	DIE486	4200	0	1
STM32N645X0HxQ	Cortex-M55	DIE486	4200	0	1
STM32N645Z0HxQ	Cortex-M55	DIE486	4200	0	1
STM32N647A0HxQ	Cortex-M55	DIE486	4200	0	1
STM32N647A0HxQG	Cortex-M55	DIE486	4200	0	1
STM32N647B0HxQ	Cortex-M55	DIE486	4200	0	1
STM32N647I0HxQ	Cortex-M55	DIE486	4200	0	1
STM32N647L0HxQ	Cortex-M55	DIE486	4200	0	1
STM32N647X0HxQ	Cortex-M55	DIE486	4200	0	1
STM32N647Z0HxQ	Cortex-M55	DIE486	4200	0	1
STM32N655A0HxQ	Cortex-M55	DIE486	4200	0	1
STM32N655A0HxQG	Cortex-M55	DIE486	4200	0	1
STM32N655B0HxQ	Cortex-M55	DIE486	4200	0	1
STM32N655I0HxQ	Cortex-M55	DIE486	4200	0	1
STM32N655L0HxQ	Cortex-M55	DIE486	4200	0	1
STM32N655X0HxQ	Cortex-M55	DIE486	4200	0	1
STM32N655Z0HxQ	Cortex-M55	DIE486	4200	0	1
STM32N657A0HxQ	Cortex-M55	DIE486	4200	0	1
STM32N657A0HxQG	Cortex-M55	DIE486	4200	0	1
STM32N657B0HxQ	Cortex-M55	DIE486	4200	0	1
STM32N657I0HxQ	Cortex-M55	DIE486	4200	0	1
STM32N657L0HxQ	Cortex-M55	DIE486	4200	0	1
STM32N657X0HxQ	Cortex-M55	DIE486	4200	0	1
STM32N657Z0HxQ	Cortex-M55	DIE486	4200	0	1
STM32U031C6Tx	Cortex-M0plus	DIE459	12	32	1
STM32U031C6Ux	Cortex-M0plus	DIE459	12	32	1
STM32U031C8Tx	Cortex-M0plus	DIE459	12	64	1
STM32U031C8Ux	Cortex-M0plus	DIE459	12	64	1
STM32U031F4Px	Cortex-M0plus	DIE459	12	16	1
STM32U031F6Px	Cortex-M0plus	DIE459	12	32	1
STM32U031F8Px	Cortex-M0plus	DIE459	12	64	1
STM32U031G6Yx	Cortex-M0plus	DIE459	12	32	1
STM32U031G8Yx	Cortex-M0plus	DIE459	12	64	1
STM32U031K4Ux	Cortex-M0plus	DIE459	12	16	1
STM32U031K6Ux	Cortex-M0plus	DIE459	12	32	1
STM32U031K8Ux	Cortex-M0plus	DIE459	12	64	1
STM32U031R6Ix	Cortex-M0plus	DIE459	12	32	1
STM32U031R6Tx	Cortex-M0plus	DIE459	12	32	1
STM32U031R8Ix	Cortex-M0plus	DIE459	12	64	1
STM32U031R8Tx	Cortex-M0plus	DIE459	12	64	1
STM32U073C8Tx	Cortex-M0plus	DIE489	40	64	1
STM32U073C8Ux	Cortex-M0plus	DIE489	40	64	1
STM32U073CBTx	Cortex-M0plus	DIE489	40	128	1
STM32U073CBUx	Cortex-M0plus	DIE489	40	128	1
STM32U073CCTx	Cortex-M0plus	DIE489	40	256	1
STM32U073CCUx	Cortex-M0plus	DIE489	40	256	1
STM32U073H8Yx	Cortex-M0plus	DIE489	40	64	1
STM32U073HBYx	Cortex-M0plus	DIE489	40	128	1
STM32U073HCYx	Cortex-M0plus	DIE489	40	256	1
STM32U073K8Ux	Cortex-M0plus	DIE489	40	64	1
STM32U073KBUx	Cortex-M0plus	DIE489	40	128	1
STM32U073KCUx	Cortex-M0plus	DIE489	40	256	1
STM32U073M8Ix	Cortex-M0plus	DIE489	40	64	1
STM32U073M8Tx	Cortex-M0plus	DIE489	40	64	1
STM32U073MBIx	Cortex-M0plus	DIE489	40	128	1
STM32U073MBTx	Cortex-M0plus	DIE489	40	128	1
STM32U073MCIx	Cortex-M0plus	DIE489	40	256	1
STM32U073MCTx	Cortex-M0plus	DIE489	40	256	1
STM32U073R8Ix	Cortex-M0plus	DIE489	40	64	1
STM32U073R8Tx	Cortex-M0plus	DIE489	40	64	1
STM32U073RBIx	Cortex-M0plus	DIE489	40	128	1
STM32U073RBTx	Cortex-M0plus	DIE489	40	128	1
STM32U073RCIx	Cortex-M0plus	DIE489	40	256	1
STM32U073RCTx	Cortex-M0plus	DIE489	40	256	1
STM32U083CCTx	Cortex-M0plus	DIE489	40	256	1
STM32U083CCUx	Cortex-M0plus	DIE489	40	256	1
STM32U083HCYx	Cortex-M0plus	DIE489	40	256	1
STM32U083KCUx	Cortex-M0plus	DIE489	40	256	1
STM32U083MCIx	Cortex-M0plus	DIE489	40	256	1
STM32U083MCTx	Cortex-M0plus	DIE489	40	256	1
STM32U083RCIx	Cortex-M0plus	DIE489	40	256	1
STM32U083RCTx	Cortex-M0plus	DIE489	40	256	1
STM32U335CBTx	Cortex-M33	DIE42C	80	128	1
STM32U335CBTxQ	Cortex-M33	DIE42C	80	128	1
STM32U335CBUx	Cortex-M33	DIE42C	80	128	1
STM32U335CBUxQ	Cortex-M33	DIE42C	80	128	1
STM32U335CBYxQ	Cortex-M33	DIE42C	80	128	1
STM32U335CCTx	Cortex-M33	DIE42C	80	256	1
STM32U335CCTxQ	Cortex-M33	DIE42C	80	256	1
STM32U335CCUx	Cortex-M33	DIE42C	80	256	1
STM32U335CCUxQ	Cortex-M33	DIE42C	80	256	1
STM32U335CCYxQ	Cortex-M33	DIE42C	80	256	1
STM32U335KBUx	Cortex-M33	DIE42C	80	128	1
STM32U335KBYxQ	Cortex-M33	DIE42C	80	128	1
STM32U335KCUx	Cortex-M33	DIE42C	80	256	1
STM32U335KCYxQ	Cortex-M33	DIE42C	80	256	1
STM32U335RBIx	Cortex-M33	DIE42C	80	128	1
STM32U335RBIxQ	Cortex-M33	DIE42C	80	128	1
STM32U335RBTx	Cortex-M33	DIE42C	80	128	1
STM32U335RBTxQ	Cortex-M33	DIE42C	80	128	1
STM32U335RCIx	Cortex-M33	DIE42C	80	256	1
STM32U335RCIxQ	Cortex-M33	DIE42C	80	256	1
STM32U335RCTx	Cortex-M33	DIE42C	80	256	1
STM32U335RCTxQ	Cortex-M33	DIE42C	80	256	1
STM32U345CCTx	Cortex-M33	DIE42C	80	256	1
STM32U345CCTxQ	Cortex-M33	DIE42C	80	256	1
STM32U345CCUx	Cortex-M33	DIE42C	80	256	1
STM32U345CCUxQ	Cortex-M33	DIE42C	80	256	1
STM32U345CCYxQ	Cortex-M33	DIE42C	80	256	1
STM32U345KCUx	Cortex-M33	DIE42C	80	256	1
STM32U345KCYxQ	Cortex-M33	DIE42C	80	256	1
STM32U345RCIx	Cortex-M33	DIE42C	80	256	1
STM32U345RCIxQ	Cortex-M33	DIE42C	80	256	1
STM32U345RCTx	Cortex-M33	DIE42C	80	256	1
STM32U345RCTxQ	Cortex-M33	DIE42C	80	256	1
STM32U356CCTx	Cortex-M33	DIE42B	192	256	1
STM32U356CCTxQ	Cortex-M33	DIE42B	192	256	1
STM32U356CCUx	Cortex-M33	DIE42B	192	256	1
STM32U356CCUxQ	Cortex-M33	DIE42B	192	256	1
STM32U356CCYxQ	Cortex-M33	DIE42B	192	256	1
STM32U356CETx	Cortex-M33	DIE42B	192	512	1
STM32U356CETxQ	Cortex-M33	DIE42B	192	512	1
STM32U356CEUx	Cortex-M33	DIE42B	192	512	1
STM32U356CEUxQ	Cortex-M33	DIE42B	192	512	1
STM32U356CEYxQ	Cortex-M33	DIE42B	192	512	1
STM32U356KCUx	Cortex-M33	DIE42B	192	256	1
STM32U356KEUx	Cortex-M33	DIE42B	192	512	1
STM32U356RCIx	Cortex-M33	DIE42B	192	256	1
STM32U356RCIxQ	Cortex-M33	DIE42B	192	256	1
STM32U356RCTx	Cortex-M33	DIE42B	192	256	1
STM32U356RCTxQ	Cortex-M33	DIE42B	192	256	1
STM32U356RCYxQ	Cortex-M33	DIE42B	192	256	1
STM32U356REIx	Cortex-M33	DIE42B	192	512	1
STM32U356REIxQ	Cortex-M33	DIE42B	192	512	1
STM32U356RETx	Cortex-M33	DIE42B	192	512	1
STM32U356RETxQ	Cortex-M33	DIE42B	192	512	1
STM32U356REYxQ	Cortex-M33	DIE42B	192	512	1
STM32U356VCIx	Cortex-M33	DIE42B	192	256	1
STM32U356VCIxQ	Cortex-M33	DIE42B	192	256	1
STM32U356VCTx	Cortex-M33	DIE42B	192	256	1
STM32U356VCTxQ	Cortex-M33	DIE42B	192	256	1
STM32U356VEIx	Cortex-M33	DIE42B	192	512	1
STM32U356VEIxQ	Cortex-M33	DIE42B	192	512	1
STM32U356VETx	Cortex-M33	DIE42B	192	512	1
STM32U356VETxQ	Cortex-M33	DIE42B	192	512	1
STM32U366CETx	Cortex-M33	DIE42B	192	512	1
STM32U366CETxQ	Cortex-M33	DIE42B	192	512	1
STM32U366CEUx	Cortex-M33	DIE42B	192	512	1
STM32U366CEUxQ	Cortex-M33	DIE42B	192	512	1
STM32U366CEYxQ	Cortex-M33	DIE42B	192	512	1
STM32U366KEUx	Cortex-M33	DIE42B	192	512	1
STM32U366REIx	Cortex-M33	DIE42B	192	512	1
STM32U366REIxQ	Cortex-M33	DIE42B	192	512	1
STM32U366RETx	Cortex-M33	DIE42B	192	512	1
STM32U366RETxQ	Cortex-M33	DIE42B	192	512	1
STM32U366REYxQ	Cortex-M33	DIE42B	192	512	1
STM32U366VEIx	Cortex-M33	DIE42B	192	512	1
STM32U366VEIxQ	Cortex-M33	DIE42B	192	512	1
STM32U366VETx	Cortex-M33	DIE42B	192	512	1
STM32U366VETxQ	Cortex-M33	DIE42B	192	512	1
STM32U375CETx	Cortex-M33	DIE454	256	512	1
STM32U375CETxQ	Cortex-M33	DIE454	256	512	1
STM32U375CEUx	Cortex-M33	DIE454	256	512	1
STM32U375CEUxQ	Cortex-M33	DIE454	256	512	1
STM32U375CEYxQ	Cortex-M33	DIE454	256	512	1
STM32U375CGTx	Cortex-M33	DIE454	256	1024	1
STM32U375CGTxQ	Cortex-M33	DIE454	256	1024	1
STM32U375CGUx	Cortex-M33	DIE454	256	1024	1
STM32U375CGUxQ	Cortex-M33	DIE454	256	1024	1
STM32U375CGYxQ	Cortex-M33	DIE454	256	1024	1
STM32U375KEUx	Cortex-M33	DIE454	256	512	1
STM32U375KGUx	Cortex-M33	DIE454	256	1024	1
STM32U375REIx	Cortex-M33	DIE454	256	512	1
STM32U375REIxQ	Cortex-M33	DIE454	256	512	1
STM32U375RETx	Cortex-M33	DIE454	256	512	1
STM32U375RETxQ	Cortex-M33	DIE454	256	512	1
STM32U375REYxG	Cortex-M33	DIE454	256	512	1
STM32U375REYxQ	Cortex-M33	DIE454	256	512	1
STM32U375RGIx	Cortex-M33	DIE454	256	1024	1
STM32U375RGIxQ	Cortex-M33	DIE454	256	1024	1
STM32U375RGTx	Cortex-M33	DIE454	256	1024	1
STM32U375RGTxQ	Cortex-M33	DIE454	256	1024	1
STM32U375RGYxG	Cortex-M33	DIE454	256	1024	1
STM32U375RGYxQ	Cortex-M33	DIE454	256	1024	1
STM32U375VEIx	Cortex-M33	DIE454	256	512	1
STM32U375VEIxQ	Cortex-M33	DIE454	256	512	1
STM32U375VETx	Cortex-M33	DIE454	256	512	1
STM32U375VETxQ	Cortex-M33	DIE454	256	512	1
STM32U375VGIx	Cortex-M33	DIE454	256	1024	1
STM32U375VGIxQ	Cortex-M33	DIE454	256	1024	1
STM32U375VGTx	Cortex-M33	DIE454	256	1024	1
STM32U375VGTxQ	Cortex-M33	DIE454	256	1024	1
STM32U385CGTx	Cortex-M33	DIE454	256	1024	1
STM32U385CGTxQ	Cortex-M33	DIE454	256	1024	1
STM32U385CGUx	Cortex-M33	DIE454	256	1024	1
STM32U385CGUxQ	Cortex-M33	DIE454	256	1024	1
STM32U385CGYxQ	Cortex-M33	DIE454	256	1024	1
STM32U385KGUx	Cortex-M33	DIE454	256	1024	1
STM32U385RGIx	Cortex-M33	DIE454	256	1024	1
STM32U385RGIxQ	Cortex-M33	DIE454	256	1024	1
STM32U385RGTx	Cortex-M33	DIE454	256	1024	1
STM32U385RGTxQ	Cortex-M33	DIE454	256	1024	1
STM32U385RGYxG	Cortex-M33	DIE454	256	1024	1
STM32U385RGYxQ	Cortex-M33	DIE454	256	1024	1
STM32U385VGIx	Cortex-M33	DIE454	256	1024	1
STM32U385VGIxQ	Cortex-M33	DIE454	256	1024	1
STM32U385VGTx	Cortex-M33	DIE454	256	1024	1
STM32U385VGTxQ	Cortex-M33	DIE454	256	1024	1
STM32U3B5CGTx	Cortex-M33	DIE42A	640	1024	1
STM32U3B5CGTxQ	Cortex-M33	DIE42A	640	1024	1
STM32U3B5CGUx	Cortex-M33	DIE42A	640	1024	1
STM32U3B5CGUxQ	Cortex-M33	DIE42A	640	1024	1
STM32U3B5CITx	Cortex-M33	DIE42A	640	2048	1
STM32U3B5CITxQ	Cortex-M33	DIE42A	640	2048	1
STM32U3B5CIUx	Cortex-M33	DIE42A	640	2048	1
STM32U3B5CIUxQ	Cortex-M33	DIE42A	640	2048	1
STM32U3B5JGYxQ	Cortex-M33	DIE42A	640	1024	1
STM32U3B5JIYxQ	Cortex-M33	DIE42A	640	2048	1
STM32U3B5QGIx	Cortex-M33	DIE42A	640	1024	1
STM32U3B5QGIxQ	Cortex-M33	DIE42A	640	1024	1
STM32U3B5QIIx	Cortex-M33	DIE42A	640	2048	1
STM32U3B5QIIxQ	Cortex-M33	DIE42A	640	2048	1
STM32U3B5RGTx	Cortex-M33	DIE42A	640	1024	1
STM32U3B5RGTxQ	Cortex-M33	DIE42A	640	1024	1
STM32U3B5RITx	Cortex-M33	DIE42A	640	2048	1
STM32U3B5RITxQ	Cortex-M33	DIE42A	640	2048	1
STM32U3B5VGTx	Cortex-M33	DIE42A	640	1024	1
STM32U3B5VGTxQ	Cortex-M33	DIE42A	640	1024	1
STM32U3B5VGYxQ	Cortex-M33	DIE42A	640	1024	1
STM32U3B5VITx	Cortex-M33	DIE42A	640	2048	1
STM32U3B5VITxQ	Cortex-M33	DIE42A	640	2048	1
STM32U3B5VIYxQ	Cortex-M33	DIE42A	640	2048	1
STM32U3B5WGYxQ	Cortex-M33	DIE42A	640	1024	1
STM32U3B5WIYxQ	Cortex-M33	DIE42A	640	2048	1
STM32U3B5ZGTx	Cortex-M33	DIE42A	640	1024	1
STM32U3B5ZGTxQ	Cortex-M33	DIE42A	640	1024	1
STM32U3B5ZITx	Cortex-M33	DIE42A	640	2048	1
STM32U3B5ZITxQ	Cortex-M33	DIE42A	640	2048	1
STM32U3C5CITx	Cortex-M33	DIE42A	640	2048	1
STM32U3C5CITxQ	Cortex-M33	DIE42A	640	2048	1
STM32U3C5CIUx	Cortex-M33	DIE42A	640	2048	1
STM32U3C5CIUxQ	Cortex-M33	DIE42A	640	2048	1
STM32U3C5JIYxQ	Cortex-M33	DIE42A	640	2048	1
STM32U3C5QIIx	Cortex-M33	DIE42A	640	2048	1
STM32U3C5QIIxQ	Cortex-M33	DIE42A	640	2048	1
STM32U3C5RITx	Cortex-M33	DIE42A	640	2048	1
STM32U3C5RITxQ	Cortex-M33	DIE42A	640	2048	1
STM32U3C5VITx	Cortex-M33	DIE42A	640	2048	1
STM32U3C5VITxQ	Cortex-M33	DIE42A	640	2048	1
STM32U3C5VIYxQ	Cortex-M33	DIE42A	640	2048	1
STM32U3C5WIYxQ	Cortex-M33	DIE42A	640	2048	1
STM32U3C5ZITx	Cortex-M33	DIE42A	640	2048	1
STM32U3C5ZITxQ	Cortex-M33	DIE42A	640	2048	1
STM32U535CBTx	Cortex-M33	DIE455	274	128	1
STM32U535CBTxQ	Cortex-M33	DIE455	274	128	1
STM32U535CBUx	Cortex-M33	DIE455	274	128	1
STM32U535CBUxQ	Cortex-M33	DIE455	274	128	1
STM32U535CCTx	Cortex-M33	DIE455	274	256	1
STM32U535CCTxQ	Cortex-M33	DIE455	274	256	1
STM32U535CCUx	Cortex-M33	DIE455	274	256	1
STM32U535CCUxQ	Cortex-M33	DIE455	274	256	1
STM32U535CETx	Cortex-M33	DIE455	274	512	1
STM32U535CETxQ	Cortex-M33	DIE455	274	512	1
STM32U535CEUx	Cortex-M33	DIE455	274	512	1
STM32U535CEUxQ	Cortex-M33	DIE455	274	512	1
STM32U535JEYxQ	Cortex-M33	DIE455	274	512	1
STM32U535NCYxQ	Cortex-M33	DIE455	274	256	1
STM32U535NEYxQ	Cortex-M33	DIE455	274	512	1
STM32U535RBIx	Cortex-M33	DIE455	274	128	1
STM32U535RBIxQ	Cortex-M33	DIE455	274	128	1
STM32U535RBTx	Cortex-M33	DIE455	274	128	1
STM32U535RBTxQ	Cortex-M33	DIE455	274	128	1
STM32U535RCIx	Cortex-M33	DIE455	274	256	1
STM32U535RCIxQ	Cortex-M33	DIE455	274	256	1
STM32U535RCTx	Cortex-M33	DIE455	274	256	1
STM32U535RCTxQ	Cortex-M33	DIE455	274	256	1
STM32U535REIx	Cortex-M33	DIE455	274	512	1
STM32U535REIxQ	Cortex-M33	DIE455	274	512	1
STM32U535RETx	Cortex-M33	DIE455	274	512	1
STM32U535RETxQ	Cortex-M33	DIE455	274	512	1
STM32U535VCIx	Cortex-M33	DIE455	274	256	1
STM32U535VCIxQ	Cortex-M33	DIE455	274	256	1
STM32U535VCTx	Cortex-M33	DIE455	274	256	1
STM32U535VCTxQ	Cortex-M33	DIE455	274	256	1
STM32U535VEIx	Cortex-M33	DIE455	274	512	1
STM32U535VEIxQ	Cortex-M33	DIE455	274	512	1
STM32U535VETx	Cortex-M33	DIE455	274	512	1
STM32U535VETxQ	Cortex-M33	DIE455	274	512	1
STM32U545CETx	Cortex-M33	DIE455	274	512	1
STM32U545CETxQ	Cortex-M33	DIE455	274	512	1
STM32U545CEUx	Cortex-M33	DIE455	274	512	1
STM32U545CEUxQ	Cortex-M33	DIE455	274	512	1
STM32U545JEYxQ	Cortex-M33	DIE455	274	512	1
STM32U545NEYxQ	Cortex-M33	DIE455	274	512	1
STM32U545REIx	Cortex-M33	DIE455	274	512	1
STM32U545REIxQ	Cortex-M33	DIE455	274	512	1
STM32U545RETx	Cortex-M33	DIE455	274	512	1
STM32U545RETxQ	Cortex-M33	DIE455	274	512	1
STM32U545VEIx	Cortex-M33	DIE455	274	512	1
STM32U545VEIxQ	Cortex-M33	DIE455	274	512	1
STM32U545VETx	Cortex-M33	DIE455	274	512	1
STM32U545VETxQ	Cortex-M33	DIE455	274	512	1
STM32U575AGIx	Cortex-M33	DIE482	786	1024	1
STM32U575AGIxQ	Cortex-M33	DIE482	786	1024	1
STM32U575AIIx	Cortex-M33	DIE482	786	2048	1
STM32U575AIIxQ	Cortex-M33	DIE482	786	2048	1
STM32U575CGTx	Cortex-M33	DIE482	786	1024	1
STM32U575CGTxQ	Cortex-M33	DIE482	786	1024	1
STM32U575CGUx	Cortex-M33	DIE482	786	1024	1
STM32U575CGUxQ	Cortex-M33	DIE482	786	1024	1
STM32U575CITx	Cortex-M33	DIE482	786	2048	1
STM32U575CITxQ	Cortex-M33	DIE482	786	2048	1
STM32U575CIUx	Cortex-M33	DIE482	786	2048	1
STM32U575CIUxQ	Cortex-M33	DIE482	786	2048	1
STM32U575OGYxQ	Cortex-M33	DIE482	786	1024	1
STM32U575OIYxQ	Cortex-M33	DIE482	786	2048	1
STM32U575QGIx	Cortex-M33	DIE482	786	1024	1
STM32U575QGIxQ	Cortex-M33	DIE482	786	1024	1
STM32U575QIIx	Cortex-M33	DIE482	786	2048	1
STM32U575QIIxQ	Cortex-M33	DIE482	786	2048	1
STM32U575RGTx	Cortex-M33	DIE482	786	1024	1
STM32U575RGTxQ	Cortex-M33	DIE482	786	1024	1
STM32U575RITx	Cortex-M33	DIE482	786	2048	1
STM32U575RITxQ	Cortex-M33	DIE482	786	2048	1
STM32U575VGTx	Cortex-M33	DIE482	786	1024	1
STM32U575VGTxQ	Cortex-M33	DIE482	786	1024	1
STM32U575VITx	Cortex-M33	DIE482	786	2048	1
STM32U575VITxQ	Cortex-M33	DIE482	786	2048	1
STM32U575ZGTx	Cortex-M33	DIE482	786	1024	1
STM32U575ZGTxQ	Cortex-M33	DIE482	786	1024	1
STM32U575ZITx	Cortex-M33	DIE482	786	2048	1
STM32U575ZITxQ	Cortex-M33	DIE482	786	2048	1
STM32U585AIIx	Cortex-M33	DIE482	786	2048	1
STM32U585AIIxQ	Cortex-M33	DIE482	786	2048	1
STM32U585CITx	Cortex-M33	DIE482	786	2048	1
STM32U585CITxQ	Cortex-M33	DIE482	786	2048	1
STM32U585CIUx	Cortex-M33	DIE482	786	2048	1
STM32U585CIUxQ	Cortex-M33	DIE482	786	2048	1
STM32U585OIYxQ	Cortex-M33	DIE482	786	2048	1
STM32U585QIIx	Cortex-M33	DIE482	786	2048	1
STM32U585QIIxQ	Cortex-M33	DIE482	786	2048	1
STM32U585RITx	Cortex-M33	DIE482	786	2048	1
STM32U585RITxQ	Cortex-M33	DIE482	786	2048	1
STM32U585VITx	Cortex-M33	DIE482	786	2048	1
STM32U585VITxQ	Cortex-M33	DIE482	786	2048	1
STM32U585ZITx	Cortex-M33	DIE482	786	2048	1
STM32U585ZITxQ	Cortex-M33	DIE482	786	2048	1
STM32U595AIHx	Cortex-M33	DIE481	2514	2048	1
STM32U595AIHxQ	Cortex-M33	DIE481	2514	2048	1
STM32U595AJHx	Cortex-M33	DIE481	2514	4096	1
STM32U595AJHxQ	Cortex-M33	DIE481	2514	4096	1
STM32U595QIIx	Cortex-M33	DIE481	2514	2048	1
STM32U595QIIxQ	Cortex-M33	DIE481	2514	2048	1
STM32U595QJIx	Cortex-M33	DIE481	2514	4096	1
STM32U595QJIxQ	Cortex-M33	DIE481	2514	4096	1
STM32U595RITx	Cortex-M33	DIE481	2514	2048	1
STM32U595RITxQ	Cortex-M33	DIE481	2514	2048	1
STM32U595RJTx	Cortex-M33	DIE481	2514	4096	1
STM32U595RJTxQ	Cortex-M33	DIE481	2514	4096	1
STM32U595VITx	Cortex-M33	DIE481	2514	2048	1
STM32U595VITxQ	Cortex-M33	DIE481	2514	2048	1
STM32U595VJTx	Cortex-M33	DIE481	2514	4096	1
STM32U595VJTxQ	Cortex-M33	DIE481	2514	4096	1
STM32U595ZITx	Cortex-M33	DIE481	2514	2048	1
STM32U595ZITxQ	Cortex-M33	DIE481	2514	2048	1
STM32U595ZIYxQ	Cortex-M33	DIE481	2514	2048	1
STM32U595ZJTx	Cortex-M33	DIE481	2514	4096	1
STM32U595ZJTxQ	Cortex-M33	DIE481	2514	4096	1
STM32U595ZJYxQ	Cortex-M33	DIE481	2514	4096	1
STM32U599BJYxQ	Cortex-M33	DIE481	2514	4096	1
STM32U599NIHxQ	Cortex-M33	DIE481	2514	2048	1
STM32U599NJHxQ	Cortex-M33	DIE481	2514	4096	1
STM32U599VITxQ	Cortex-M33	DIE481	2514	2048	1
STM32U599VJTx	Cortex-M33	DIE481	2514	4096	1
STM32U599VJTxQ	Cortex-M33	DIE481	2514	4096	1
STM32U599ZITxQ	Cortex-M33	DIE481	2514	2048	1
STM32U599ZIYxQ	Cortex-M33	DIE481	2514	2048	1
STM32U599ZJTxQ	Cortex-M33	DIE481	2514	4096	1
STM32U599ZJYxQ	Cortex-M33	DIE481	2514	4096	1
STM32U5A5AJHx	Cortex-M33	DIE481	2514	4096	1
STM32U5A5AJHxQ	Cortex-M33	DIE481	2514	4096	1
STM32U5A5QIIxQ	Cortex-M33	DIE481	2514	2048	1
STM32U5A5QJIx	Cortex-M33	DIE481	2514	4096	1
STM32U5A5QJIxQ	Cortex-M33	DIE481	2514	4096	1
STM32U5A5RJTx	Cortex-M33	DIE481	2514	4096	1
STM32U5A5RJTxQ	Cortex-M33	DIE481	2514	4096	1
STM32U5A5VJTx	Cortex-M33	DIE481	2514	4096	1
STM32U5A5VJTxQ	Cortex-M33	DIE481	2514	4096	1
STM32U5A5ZJTx	Cortex-M33	DIE481	2514	4096	1
STM32U5A5ZJTxQ	Cortex-M33	DIE481	2514	4096	1
STM32U5A5ZJYxQ	Cortex-M33	DIE481	2514	4096	1
STM32U5A9BJYxQ	Cortex-M33	DIE481	2514	4096	1
STM32U5A9NJHxQ	Cortex-M33	DIE481	2514	4096	1
STM32U5A9VJTxQ	Cortex-M33	DIE481	2514	4096	1
STM32U5A9ZJTxQ	Cortex-M33	DIE481	2514	4096	1
STM32U5A9ZJYxQ	Cortex-M33	DIE481	2514	4096	1
STM32U5F7VITx	Cortex-M33	DIE476	3026	2048	1
STM32U5F7VITxQ	Cortex-M33	DIE476	3026	2048	1
STM32U5F7VJTx	Cortex-M33	DIE476	3026	4096	1
STM32U5F7VJTxQ	Cortex-M33	DIE476	3026	4096	1
STM32U5F9BJYxQ	Cortex-M33	DIE476	3026	4096	1
STM32U5F9NJHxQ	Cortex-M33	DIE476	3026	4096	1
STM32U5F9VITxQ	Cortex-M33	DIE476	3026	2048	1
STM32U5F9VJTxQ	Cortex-M33	DIE476	3026	4096	1
STM32U5F9ZIJxQ	Cortex-M33	DIE476	3026	2048	1
STM32U5F9ZITxQ	Cortex-M33	DIE476	3026	2048	1
STM32U5F9ZJJxQ	Cortex-M33	DIE476	3026	4096	1
STM32U5F9ZJTxQ	Cortex-M33	DIE476	3026	4096	1
STM32U5G7VJTx	Cortex-M33	DIE476	3026	4096	1
STM32U5G7VJTxQ	Cortex-M33	DIE476	3026	4096	1
STM32U5G9BJYxQ	Cortex-M33	DIE476	3026	4096	1
STM32U5G9NJHxQ	Cortex-M33	DIE476	3026	4096	1
STM32U5G9VJTxQ	Cortex-M33	DIE476	3026	4096	1
STM32U5G9ZJJxQ	Cortex-M33	DIE476	3026	4096	1
STM32U5G9ZJTxQ	Cortex-M33	DIE476	3026	4096	1
STM32WB05KZVx	Cortex-M0plus	DIE028	24	192	1
STM32WB05TZFx	Cortex-M0plus	DIE028	24	192	1
STM32WB06CCFx	Cortex-M0plus	DIE01E	32	256	1
STM32WB06CCVx	Cortex-M0plus	DIE01E	32	256	1
STM32WB06KCVx	Cortex-M0plus	DIE01E	32	256	1
STM32WB07CCFx	Cortex-M0plus	DIE01E	64	256	1
STM32WB07CCVx	Cortex-M0plus	DIE01E	64	256	1
STM32WB07KCVx	Cortex-M0plus	DIE01E	64	256	1
STM32WB09KEVx	Cortex-M0plus	DIE032	64	512	1
STM32WB09TEFx	Cortex-M0plus	DIE032	64	512	1
STM32WB10CCUx	Cortex-M4	DIE494	48	320	1
STM32WB15CCUx	Cortex-M4	DIE494	48	320	1
STM32WB15CCUxE	Cortex-M4	DIE494	48	320	1
STM32WB15CCYx	Cortex-M4	DIE494	48	320	1
STM32WB1MMCHx	Cortex-M4	DIE494	48	320	1
STM32WB30CEUxA	Cortex-M4	DIE495	96	512	1
STM32WB35CCUxA	Cortex-M4	DIE495	96	256	1
STM32WB35CEUxA	Cortex-M4	DIE495	96	512	1
STM32WB50CGUx	Cortex-M4	DIE495	128	1024	1
STM32WB55CCUx	Cortex-M4	DIE495	128	256	1
STM32WB55CEUx	Cortex-M4	DIE495	256	512	1
STM32WB55CGUx	Cortex-M4	DIE495	256	1024	1
STM32WB55RCVx	Cortex-M4	DIE495	128	256	1
STM32WB55REVx	Cortex-M4	DIE495	256	512	1
STM32WB55RGVx	Cortex-M4	DIE495	256	1024	1
STM32WB55VCQx	Cortex-M4	DIE495	128	256	1
STM32WB55VCYx	Cortex-M4	DIE495	128	256	1
STM32WB55VEQx	Cortex-M4	DIE495	256	512	1
STM32WB55VEYx	Cortex-M4	DIE495	256	512	1
STM32WB55VGQx	Cortex-M4	DIE495	256	1024	1
STM32WB55VGYx	Cortex-M4	DIE495	256	1024	1
STM32WB55VYYx	Cortex-M4	DIE495	256	640	1
STM32WB5MMGHx	Cortex-M4	DIE495	256	1024	1
STM32WBA23CEUx	Cortex-M33	DIE4B2	96	512	1
STM32WBA23KEUx	Cortex-M33	DIE4B2	96	512	1
STM32WBA25CEUx	Cortex-M33	DIE4B2	96	512	1
STM32WBA25HEFx	Cortex-M33	DIE4B2	96	512	1
STM32WBA50KGUx	Cortex-M33	DIE492	64	1024	1
STM32WBA52CEUx	Cortex-M33	DIE492	96	512	1
STM32WBA52CGUx	Cortex-M33	DIE492	128	1024	1
STM32WBA52KEUx	Cortex-M33	DIE492	96	512	1
STM32WBA52KGUx	Cortex-M33	DIE492	128	1024	1
STM32WBA54CEUx	Cortex-M33	DIE492	96	512	1
STM32WBA54CGUx	Cortex-M33	DIE492	128	1024	1
STM32WBA54KEUx	Cortex-M33	DIE492	96	512	1
STM32WBA54KGUx	Cortex-M33	DIE492	128	1024	1
STM32WBA55CEUx	Cortex-M33	DIE492	96	512	1
STM32WBA55CGUx	Cortex-M33	DIE492	128	1024	1
STM32WBA55HEFx	Cortex-M33	DIE492	96	512	1
STM32WBA55HGFx	Cortex-M33	DIE492	128	1024	1
STM32WBA55UEIx	Cortex-M33	DIE492	96	512	1
STM32WBA55UGIx	Cortex-M33	DIE492	128	1024	1
STM32WBA5MMGHx	Cortex-M33	DIE492	128	1024	1
STM32WBA62CGUx	Cortex-M33	DIE4B0	256	1024	1
STM32WBA62CIUx	Cortex-M33	DIE4B0	512	2048	1
STM32WBA62MGFx	Cortex-M33	DIE4B0	256	1024	1
STM32WBA62MIFx	Cortex-M33	DIE4B0	512	2048	1
STM32WBA62PGIx	Cortex-M33	DIE4B0	256	1024	1
STM32WBA62PIIx	Cortex-M33	DIE4B0	512	2048	1
STM32WBA63CGUx	Cortex-M33	DIE4B0	256	1024	1
STM32WBA63CIUx	Cortex-M33	DIE4B0	512	2048	1
STM32WBA64CGUx	Cortex-M33	DIE4B0	256	1024	1
STM32WBA64CIUx	Cortex-M33	DIE4B0	512	2048	1
STM32WBA65CGUx	Cortex-M33	DIE4B0	256	1024	1
STM32WBA65CIUx	Cortex-M33	DIE4B0	512	2048	1
STM32WBA65MGFx	Cortex-M33	DIE4B0	256	1024	1
STM32WBA65MIFx	Cortex-M33	DIE4B0	512	2048	1
STM32WBA65PGIx	Cortex-M33	DIE4B0	256	1024	1
STM32WBA65PIIx	Cortex-M33	DIE4B0	512	2048	1
STM32WBA65RGVx	Cortex-M33	DIE4B0	256	1024	1
STM32WBA65RIVx	Cortex-M33	DIE4B0	512	2048	1
STM32WBA6MOIHx	Cortex-M33	DIE4B0	512	2048	1
STM32WL30K8Vx	Cortex-M0plus	DIE027	8	64	1
STM32WL30KBVx	Cortex-M0plus	DIE027	16	128	1
STM32WL31C8Vx	Cortex-M0plus	DIE027	8	64	1
STM32WL31CBVx	Cortex-M0plus	DIE027	16	128	1
STM32WL31K8Vx	Cortex-M0plus	DIE027	8	64	1
STM32WL31KBVx	Cortex-M0plus	DIE027	16	128	1
STM32WL33C8Vx	Cortex-M0plus	DIE027	16	64	1
STM32WL33C8VxX	Cortex-M0plus	DIE027	16	64	1
STM32WL33CBVx	Cortex-M0plus	DIE027	32	128	1
STM32WL33CBVxX	Cortex-M0plus	DIE027	32	128	1
STM32WL33CCVx	Cortex-M0plus	DIE027	32	256	1
STM32WL33CCVxX	Cortex-M0plus	DIE027	32	256	1
STM32WL33K8Vx	Cortex-M0plus	DIE027	16	64	1
STM32WL33K8VxX	Cortex-M0plus	DIE027	16	64	1
STM32WL33KBVx	Cortex-M0plus	DIE027	32	128	1
STM32WL33KBVxX	Cortex-M0plus	DIE027	32	128	1
STM32WL33KCVx	Cortex-M0plus	DIE027	32	256	1
STM32WL33KCVxX	Cortex-M0plus	DIE027	32	256	1
STM32WL3RK8Vx	Cortex-M0plus	DIE122	8	64	1
STM32WL3RK8VxX	Cortex-M0plus	DIE122	8	64	1
STM32WL3RKBVx	Cortex-M0plus	DIE122	16	128	1
STM32WL3RKBVxX	Cortex-M0plus	DIE122	16	128	1
STM32WL40CCVx	Cortex-M33	DIE49A	64	256	1
STM32WL40CEVx	Cortex-M33	DIE49A	80	512	1
STM32WL41CCVx	Cortex-M33	DIE49A	64	256	1
STM32WL41CEVx	Cortex-M33	DIE49A	80	512	1
STM32WL41RCVx	Cortex-M33	DIE49A	64	256	1
STM32WL41REVx	Cortex-M33	DIE49A	80	512	1
STM32WL43CCVx	Cortex-M33	DIE49A	64	256	1
STM32WL43CEVx	Cortex-M33	DIE49A	80	512	1
STM32WL43RCVx	Cortex-M33	DIE49A	64	256	1
STM32WL43REVx	Cortex-M33	DIE49A	80	512	1
STM32WL54CCUx	Cortex-M4	DIE497	64	256	2
STM32WL54JCIx	Cortex-M4	DIE497	64	256	2
STM32WL55CCUx	Cortex-M4	DIE497	64	256	2
STM32WL55JCIx	Cortex-M4	DIE497	64	256	2
STM32WL5MOCHx	Cortex-M4	DIE497	64	256	2
STM32WL5MOCHxS	Cortex-M4	DIE497	64	256	2
STM32WLE4C8Ux	Cortex-M4	DIE497	20	64	1
STM32WLE4CBUx	Cortex-M4	DIE497	48	128	1
STM32WLE4CCUx	Cortex-M4	DIE497	64	256	1
STM32WLE4J8Ix	Cortex-M4	DIE497	20	64	1
STM32WLE4JBIx	Cortex-M4	DIE497	48	128	1
STM32WLE4JCIx	Cortex-M4	DIE497	64	256	1
STM32WLE5C8Ux	Cortex-M4	DIE497	20	64	1
STM32WLE5CBUx	Cortex-M4	DIE497	48	128	1
STM32WLE5CCUx	Cortex-M4	DIE497	64	256	1
STM32WLE5J8Ix	Cortex-M4	DIE497	20	64	1
STM32WLE5JBIx	Cortex-M4	DIE497	48	128	1
STM32WLE5JCIx	Cortex-M4	DIE497	64	256	1
